image_path,champion_en,champion_cn,skin_num
Aatrox/Aatrox_0.jpg,Aatrox,暗裔剑魔,0
Aatrox/Aatrox_1.jpg,Aatrox,暗裔剑魔,1
Aatrox/Aatrox_11.jpg,Aatrox,暗裔剑魔,11
Aatrox/Aatrox_2.jpg,Aatrox,暗裔剑魔,2
Aatrox/Aatrox_20.jpg,Aatrox,暗裔剑魔,20
Aatrox/Aatrox_21.jpg,Aatrox,暗裔剑魔,21
Aatrox/Aatrox_3.jpg,Aatrox,暗裔剑魔,3
Aatrox/Aatrox_30.jpg,Aatrox,暗裔剑魔,30
Aatrox/Aatrox_31.jpg,Aatrox,暗裔剑魔,31
Aatrox/Aatrox_33.jpg,Aatrox,暗裔剑魔,33
Aatrox/Aatrox_7.jpg,Aatrox,暗裔剑魔,7
Aatrox/Aatrox_8.jpg,Aatrox,暗裔剑魔,8
Aatrox/Aatrox_9.jpg,Aatrox,暗裔剑魔,9
Ahri/Ahri_0.jpg,Ahri,九尾妖狐,0
Ahri/Ahri_1.jpg,Ahri,九尾妖狐,1
Ahri/Ahri_14.jpg,Ahri,九尾妖狐,14
Ahri/Ahri_15.jpg,Ahri,九尾妖狐,15
Ahri/Ahri_16.jpg,Ahri,九尾妖狐,16
Ahri/Ahri_17.jpg,Ahri,九尾妖狐,17
Ahri/Ahri_2.jpg,Ahri,九尾妖狐,2
Ahri/Ahri_27.jpg,Ahri,九尾妖狐,27
Ahri/Ahri_28.jpg,Ahri,九尾妖狐,28
Ahri/Ahri_3.jpg,Ahri,九尾妖狐,3
Ahri/Ahri_4.jpg,Ahri,九尾妖狐,4
Ahri/Ahri_42.jpg,Ahri,九尾妖狐,42
Ahri/Ahri_5.jpg,Ahri,九尾妖狐,5
Ahri/Ahri_6.jpg,Ahri,九尾妖狐,6
Ahri/Ahri_65.jpg,Ahri,九尾妖狐,65
Ahri/Ahri_66.jpg,Ahri,九尾妖狐,66
Ahri/Ahri_7.jpg,Ahri,九尾妖狐,7
Ahri/Ahri_76.jpg,Ahri,九尾妖狐,76
Ahri/Ahri_85.jpg,Ahri,九尾妖狐,85
Ahri/Ahri_86.jpg,Ahri,九尾妖狐,86
Ahri/Ahri_88.jpg,Ahri,九尾妖狐,88
Ahri/Ahri_89.jpg,Ahri,九尾妖狐,89
Akali/Akali_0.jpg,Akali,离群之刺,0
Akali/Akali_1.jpg,Akali,离群之刺,1
Akali/Akali_13.jpg,Akali,离群之刺,13
Akali/Akali_14.jpg,Akali,离群之刺,14
Akali/Akali_15.jpg,Akali,离群之刺,15
Akali/Akali_2.jpg,Akali,离群之刺,2
Akali/Akali_3.jpg,Akali,离群之刺,3
Akali/Akali_32.jpg,Akali,离群之刺,32
Akali/Akali_4.jpg,Akali,离群之刺,4
Akali/Akali_5.jpg,Akali,离群之刺,5
Akali/Akali_50.jpg,Akali,离群之刺,50
Akali/Akali_6.jpg,Akali,离群之刺,6
Akali/Akali_60.jpg,Akali,离群之刺,60
Akali/Akali_61.jpg,Akali,离群之刺,61
Akali/Akali_68.jpg,Akali,离群之刺,68
Akali/Akali_7.jpg,Akali,离群之刺,7
Akali/Akali_70.jpg,Akali,离群之刺,70
Akali/Akali_71.jpg,Akali,离群之刺,71
Akali/Akali_8.jpg,Akali,离群之刺,8
Akali/Akali_82.jpg,Akali,离群之刺,82
Akali/Akali_9.jpg,Akali,离群之刺,9
Akali/Akali_92.jpg,Akali,离群之刺,92
Akshan/Akshan_0.jpg,Akshan,影哨,0
Akshan/Akshan_1.jpg,Akshan,影哨,1
Akshan/Akshan_10.jpg,Akshan,影哨,10
Akshan/Akshan_20.jpg,Akshan,影哨,20
Alistar/Alistar_0.jpg,Alistar,牛头酋长,0
Alistar/Alistar_1.jpg,Alistar,牛头酋长,1
Alistar/Alistar_10.jpg,Alistar,牛头酋长,10
Alistar/Alistar_19.jpg,Alistar,牛头酋长,19
Alistar/Alistar_2.jpg,Alistar,牛头酋长,2
Alistar/Alistar_20.jpg,Alistar,牛头酋长,20
Alistar/Alistar_22.jpg,Alistar,牛头酋长,22
Alistar/Alistar_29.jpg,Alistar,牛头酋长,29
Alistar/Alistar_3.jpg,Alistar,牛头酋长,3
Alistar/Alistar_4.jpg,Alistar,牛头酋长,4
Alistar/Alistar_40.jpg,Alistar,牛头酋长,40
Alistar/Alistar_5.jpg,Alistar,牛头酋长,5
Alistar/Alistar_6.jpg,Alistar,牛头酋长,6
Alistar/Alistar_7.jpg,Alistar,牛头酋长,7
Alistar/Alistar_8.jpg,Alistar,牛头酋长,8
Alistar/Alistar_9.jpg,Alistar,牛头酋长,9
Ambessa/Ambessa_0.jpg,Ambessa,铁血狼母,0
Ambessa/Ambessa_1.jpg,Ambessa,铁血狼母,1
Amumu/Amumu_0.jpg,Amumu,殇之木乃伊,0
Amumu/Amumu_1.jpg,Amumu,殇之木乃伊,1
Amumu/Amumu_17.jpg,Amumu,殇之木乃伊,17
Amumu/Amumu_2.jpg,Amumu,殇之木乃伊,2
Amumu/Amumu_23.jpg,Amumu,殇之木乃伊,23
Amumu/Amumu_24.jpg,Amumu,殇之木乃伊,24
Amumu/Amumu_3.jpg,Amumu,殇之木乃伊,3
Amumu/Amumu_34.jpg,Amumu,殇之木乃伊,34
Amumu/Amumu_4.jpg,Amumu,殇之木乃伊,4
Amumu/Amumu_44.jpg,Amumu,殇之木乃伊,44
Amumu/Amumu_5.jpg,Amumu,殇之木乃伊,5
Amumu/Amumu_53.jpg,Amumu,殇之木乃伊,53
Amumu/Amumu_6.jpg,Amumu,殇之木乃伊,6
Amumu/Amumu_7.jpg,Amumu,殇之木乃伊,7
Amumu/Amumu_8.jpg,Amumu,殇之木乃伊,8
Anivia/Anivia_0.jpg,Anivia,冰晶凤凰,0
Anivia/Anivia_1.jpg,Anivia,冰晶凤凰,1
Anivia/Anivia_17.jpg,Anivia,冰晶凤凰,17
Anivia/Anivia_2.jpg,Anivia,冰晶凤凰,2
Anivia/Anivia_27.jpg,Anivia,冰晶凤凰,27
Anivia/Anivia_3.jpg,Anivia,冰晶凤凰,3
Anivia/Anivia_37.jpg,Anivia,冰晶凤凰,37
Anivia/Anivia_4.jpg,Anivia,冰晶凤凰,4
Anivia/Anivia_46.jpg,Anivia,冰晶凤凰,46
Anivia/Anivia_5.jpg,Anivia,冰晶凤凰,5
Anivia/Anivia_6.jpg,Anivia,冰晶凤凰,6
Anivia/Anivia_7.jpg,Anivia,冰晶凤凰,7
Anivia/Anivia_8.jpg,Anivia,冰晶凤凰,8
Annie/Annie_0.jpg,Annie,黑暗之女,0
Annie/Annie_1.jpg,Annie,黑暗之女,1
Annie/Annie_10.jpg,Annie,黑暗之女,10
Annie/Annie_11.jpg,Annie,黑暗之女,11
Annie/Annie_12.jpg,Annie,黑暗之女,12
Annie/Annie_13.jpg,Annie,黑暗之女,13
Annie/Annie_2.jpg,Annie,黑暗之女,2
Annie/Annie_22.jpg,Annie,黑暗之女,22
Annie/Annie_3.jpg,Annie,黑暗之女,3
Annie/Annie_31.jpg,Annie,黑暗之女,31
Annie/Annie_4.jpg,Annie,黑暗之女,4
Annie/Annie_40.jpg,Annie,黑暗之女,40
Annie/Annie_5.jpg,Annie,黑暗之女,5
Annie/Annie_50.jpg,Annie,黑暗之女,50
Annie/Annie_59.jpg,Annie,黑暗之女,59
Annie/Annie_6.jpg,Annie,黑暗之女,6
Annie/Annie_7.jpg,Annie,黑暗之女,7
Annie/Annie_8.jpg,Annie,黑暗之女,8
Annie/Annie_9.jpg,Annie,黑暗之女,9
Aphelios/Aphelios_0.jpg,Aphelios,残月之肃,0
Aphelios/Aphelios_1.jpg,Aphelios,残月之肃,1
Aphelios/Aphelios_18.jpg,Aphelios,残月之肃,18
Aphelios/Aphelios_20.jpg,Aphelios,残月之肃,20
Aphelios/Aphelios_30.jpg,Aphelios,残月之肃,30
Aphelios/Aphelios_40.jpg,Aphelios,残月之肃,40
Aphelios/Aphelios_9.jpg,Aphelios,残月之肃,9
Ashe/Ashe_0.jpg,Ashe,寒冰射手,0
Ashe/Ashe_1.jpg,Ashe,寒冰射手,1
Ashe/Ashe_11.jpg,Ashe,寒冰射手,11
Ashe/Ashe_17.jpg,Ashe,寒冰射手,17
Ashe/Ashe_2.jpg,Ashe,寒冰射手,2
Ashe/Ashe_23.jpg,Ashe,寒冰射手,23
Ashe/Ashe_3.jpg,Ashe,寒冰射手,3
Ashe/Ashe_32.jpg,Ashe,寒冰射手,32
Ashe/Ashe_4.jpg,Ashe,寒冰射手,4
Ashe/Ashe_43.jpg,Ashe,寒冰射手,43
Ashe/Ashe_5.jpg,Ashe,寒冰射手,5
Ashe/Ashe_52.jpg,Ashe,寒冰射手,52
Ashe/Ashe_6.jpg,Ashe,寒冰射手,6
Ashe/Ashe_63.jpg,Ashe,寒冰射手,63
Ashe/Ashe_65.jpg,Ashe,寒冰射手,65
Ashe/Ashe_67.jpg,Ashe,寒冰射手,67
Ashe/Ashe_7.jpg,Ashe,寒冰射手,7
Ashe/Ashe_76.jpg,Ashe,寒冰射手,76
Ashe/Ashe_8.jpg,Ashe,寒冰射手,8
Ashe/Ashe_84.jpg,Ashe,寒冰射手,84
Ashe/Ashe_9.jpg,Ashe,寒冰射手,9
AurelionSol/AurelionSol_0.jpg,AurelionSol,铸星龙王,0
AurelionSol/AurelionSol_1.jpg,AurelionSol,铸星龙王,1
AurelionSol/AurelionSol_11.jpg,AurelionSol,铸星龙王,11
AurelionSol/AurelionSol_2.jpg,AurelionSol,铸星龙王,2
AurelionSol/AurelionSol_21.jpg,AurelionSol,铸星龙王,21
AurelionSol/AurelionSol_31.jpg,AurelionSol,铸星龙王,31
AurelionSol/AurelionSol_38.jpg,AurelionSol,铸星龙王,38
Aurora/Aurora_0.jpg,Aurora,双界灵兔,0
Aurora/Aurora_1.jpg,Aurora,双界灵兔,1
Aurora/Aurora_11.jpg,Aurora,双界灵兔,11
Azir/Azir_0.jpg,Azir,沙漠皇帝,0
Azir/Azir_1.jpg,Azir,沙漠皇帝,1
Azir/Azir_14.jpg,Azir,沙漠皇帝,14
Azir/Azir_19.jpg,Azir,沙漠皇帝,19
Azir/Azir_2.jpg,Azir,沙漠皇帝,2
Azir/Azir_3.jpg,Azir,沙漠皇帝,3
Azir/Azir_4.jpg,Azir,沙漠皇帝,4
Azir/Azir_5.jpg,Azir,沙漠皇帝,5
Bard/Bard_0.jpg,Bard,星界游神,0
Bard/Bard_1.jpg,Bard,星界游神,1
Bard/Bard_17.jpg,Bard,星界游神,17
Bard/Bard_26.jpg,Bard,星界游神,26
Bard/Bard_35.jpg,Bard,星界游神,35
Bard/Bard_37.jpg,Bard,星界游神,37
Bard/Bard_5.jpg,Bard,星界游神,5
Bard/Bard_6.jpg,Bard,星界游神,6
Bard/Bard_8.jpg,Bard,星界游神,8
Belveth/Belveth_0.jpg,Belveth,虚空女皇,0
Belveth/Belveth_1.jpg,Belveth,虚空女皇,1
Belveth/Belveth_10.jpg,Belveth,虚空女皇,10
Belveth/Belveth_19.jpg,Belveth,虚空女皇,19
Blitzcrank/Blitzcrank_0.jpg,Blitzcrank,蒸汽机器人,0
Blitzcrank/Blitzcrank_1.jpg,Blitzcrank,蒸汽机器人,1
Blitzcrank/Blitzcrank_11.jpg,Blitzcrank,蒸汽机器人,11
Blitzcrank/Blitzcrank_2.jpg,Blitzcrank,蒸汽机器人,2
Blitzcrank/Blitzcrank_20.jpg,Blitzcrank,蒸汽机器人,20
Blitzcrank/Blitzcrank_21.jpg,Blitzcrank,蒸汽机器人,21
Blitzcrank/Blitzcrank_22.jpg,Blitzcrank,蒸汽机器人,22
Blitzcrank/Blitzcrank_29.jpg,Blitzcrank,蒸汽机器人,29
Blitzcrank/Blitzcrank_3.jpg,Blitzcrank,蒸汽机器人,3
Blitzcrank/Blitzcrank_36.jpg,Blitzcrank,蒸汽机器人,36
Blitzcrank/Blitzcrank_4.jpg,Blitzcrank,蒸汽机器人,4
Blitzcrank/Blitzcrank_47.jpg,Blitzcrank,蒸汽机器人,47
Blitzcrank/Blitzcrank_5.jpg,Blitzcrank,蒸汽机器人,5
Blitzcrank/Blitzcrank_56.jpg,Blitzcrank,蒸汽机器人,56
Blitzcrank/Blitzcrank_6.jpg,Blitzcrank,蒸汽机器人,6
Blitzcrank/Blitzcrank_66.jpg,Blitzcrank,蒸汽机器人,66
Blitzcrank/Blitzcrank_7.jpg,Blitzcrank,蒸汽机器人,7
Brand/Brand_0.jpg,Brand,复仇焰魂,0
Brand/Brand_1.jpg,Brand,复仇焰魂,1
Brand/Brand_2.jpg,Brand,复仇焰魂,2
Brand/Brand_21.jpg,Brand,复仇焰魂,21
Brand/Brand_22.jpg,Brand,复仇焰魂,22
Brand/Brand_3.jpg,Brand,复仇焰魂,3
Brand/Brand_33.jpg,Brand,复仇焰魂,33
Brand/Brand_4.jpg,Brand,复仇焰魂,4
Brand/Brand_42.jpg,Brand,复仇焰魂,42
Brand/Brand_5.jpg,Brand,复仇焰魂,5
Brand/Brand_6.jpg,Brand,复仇焰魂,6
Brand/Brand_7.jpg,Brand,复仇焰魂,7
Brand/Brand_8.jpg,Brand,复仇焰魂,8
Braum/Braum_0.jpg,Braum,弗雷尔卓德之心,0
Braum/Braum_1.jpg,Braum,弗雷尔卓德之心,1
Braum/Braum_10.jpg,Braum,弗雷尔卓德之心,10
Braum/Braum_11.jpg,Braum,弗雷尔卓德之心,11
Braum/Braum_2.jpg,Braum,弗雷尔卓德之心,2
Braum/Braum_24.jpg,Braum,弗雷尔卓德之心,24
Braum/Braum_3.jpg,Braum,弗雷尔卓德之心,3
Braum/Braum_33.jpg,Braum,弗雷尔卓德之心,33
Braum/Braum_42.jpg,Braum,弗雷尔卓德之心,42
Braum/Braum_51.jpg,Braum,弗雷尔卓德之心,51
Briar/Briar_0.jpg,Briar,狂厄蔷薇,0
Briar/Briar_1.jpg,Briar,狂厄蔷薇,1
Briar/Briar_10.jpg,Briar,狂厄蔷薇,10
Briar/Briar_20.jpg,Briar,狂厄蔷薇,20
Caitlyn/Caitlyn_0.jpg,Caitlyn,皮城女警,0
Caitlyn/Caitlyn_1.jpg,Caitlyn,皮城女警,1
Caitlyn/Caitlyn_10.jpg,Caitlyn,皮城女警,10
Caitlyn/Caitlyn_11.jpg,Caitlyn,皮城女警,11
Caitlyn/Caitlyn_13.jpg,Caitlyn,皮城女警,13
Caitlyn/Caitlyn_19.jpg,Caitlyn,皮城女警,19
Caitlyn/Caitlyn_2.jpg,Caitlyn,皮城女警,2
Caitlyn/Caitlyn_20.jpg,Caitlyn,皮城女警,20
Caitlyn/Caitlyn_22.jpg,Caitlyn,皮城女警,22
Caitlyn/Caitlyn_28.jpg,Caitlyn,皮城女警,28
Caitlyn/Caitlyn_29.jpg,Caitlyn,皮城女警,29
Caitlyn/Caitlyn_3.jpg,Caitlyn,皮城女警,3
Caitlyn/Caitlyn_30.jpg,Caitlyn,皮城女警,30
Caitlyn/Caitlyn_39.jpg,Caitlyn,皮城女警,39
Caitlyn/Caitlyn_4.jpg,Caitlyn,皮城女警,4
Caitlyn/Caitlyn_48.jpg,Caitlyn,皮城女警,48
Caitlyn/Caitlyn_5.jpg,Caitlyn,皮城女警,5
Caitlyn/Caitlyn_50.jpg,Caitlyn,皮城女警,50
Caitlyn/Caitlyn_51.jpg,Caitlyn,皮城女警,51
Caitlyn/Caitlyn_54.jpg,Caitlyn,皮城女警,54
Caitlyn/Caitlyn_6.jpg,Caitlyn,皮城女警,6
Camille/Camille_0.jpg,Camille,青钢影,0
Camille/Camille_1.jpg,Camille,青钢影,1
Camille/Camille_10.jpg,Camille,青钢影,10
Camille/Camille_11.jpg,Camille,青钢影,11
Camille/Camille_2.jpg,Camille,青钢影,2
Camille/Camille_21.jpg,Camille,青钢影,21
Camille/Camille_31.jpg,Camille,青钢影,31
Camille/Camille_32.jpg,Camille,青钢影,32
Camille/Camille_44.jpg,Camille,青钢影,44
Cassiopeia/Cassiopeia_0.jpg,Cassiopeia,魔蛇之拥,0
Cassiopeia/Cassiopeia_1.jpg,Cassiopeia,魔蛇之拥,1
Cassiopeia/Cassiopeia_18.jpg,Cassiopeia,魔蛇之拥,18
Cassiopeia/Cassiopeia_2.jpg,Cassiopeia,魔蛇之拥,2
Cassiopeia/Cassiopeia_28.jpg,Cassiopeia,魔蛇之拥,28
Cassiopeia/Cassiopeia_3.jpg,Cassiopeia,魔蛇之拥,3
Cassiopeia/Cassiopeia_38.jpg,Cassiopeia,魔蛇之拥,38
Cassiopeia/Cassiopeia_4.jpg,Cassiopeia,魔蛇之拥,4
Cassiopeia/Cassiopeia_8.jpg,Cassiopeia,魔蛇之拥,8
Cassiopeia/Cassiopeia_9.jpg,Cassiopeia,魔蛇之拥,9
Chogath/Chogath_0.jpg,Chogath,虚空恐惧,0
Chogath/Chogath_1.jpg,Chogath,虚空恐惧,1
Chogath/Chogath_14.jpg,Chogath,虚空恐惧,14
Chogath/Chogath_2.jpg,Chogath,虚空恐惧,2
Chogath/Chogath_23.jpg,Chogath,虚空恐惧,23
Chogath/Chogath_3.jpg,Chogath,虚空恐惧,3
Chogath/Chogath_32.jpg,Chogath,虚空恐惧,32
Chogath/Chogath_4.jpg,Chogath,虚空恐惧,4
Chogath/Chogath_41.jpg,Chogath,虚空恐惧,41
Chogath/Chogath_5.jpg,Chogath,虚空恐惧,5
Chogath/Chogath_6.jpg,Chogath,虚空恐惧,6
Chogath/Chogath_7.jpg,Chogath,虚空恐惧,7
Corki/Corki_0.jpg,Corki,英勇投弹手,0
Corki/Corki_1.jpg,Corki,英勇投弹手,1
Corki/Corki_18.jpg,Corki,英勇投弹手,18
Corki/Corki_2.jpg,Corki,英勇投弹手,2
Corki/Corki_26.jpg,Corki,英勇投弹手,26
Corki/Corki_3.jpg,Corki,英勇投弹手,3
Corki/Corki_36.jpg,Corki,英勇投弹手,36
Corki/Corki_4.jpg,Corki,英勇投弹手,4
Corki/Corki_5.jpg,Corki,英勇投弹手,5
Corki/Corki_6.jpg,Corki,英勇投弹手,6
Corki/Corki_7.jpg,Corki,英勇投弹手,7
Corki/Corki_8.jpg,Corki,英勇投弹手,8
Darius/Darius_0.jpg,Darius,诺克萨斯之手,0
Darius/Darius_1.jpg,Darius,诺克萨斯之手,1
Darius/Darius_14.jpg,Darius,诺克萨斯之手,14
Darius/Darius_15.jpg,Darius,诺克萨斯之手,15
Darius/Darius_16.jpg,Darius,诺克萨斯之手,16
Darius/Darius_2.jpg,Darius,诺克萨斯之手,2
Darius/Darius_24.jpg,Darius,诺克萨斯之手,24
Darius/Darius_3.jpg,Darius,诺克萨斯之手,3
Darius/Darius_33.jpg,Darius,诺克萨斯之手,33
Darius/Darius_4.jpg,Darius,诺克萨斯之手,4
Darius/Darius_43.jpg,Darius,诺克萨斯之手,43
Darius/Darius_54.jpg,Darius,诺克萨斯之手,54
Darius/Darius_64.jpg,Darius,诺克萨斯之手,64
Darius/Darius_65.jpg,Darius,诺克萨斯之手,65
Darius/Darius_67.jpg,Darius,诺克萨斯之手,67
Darius/Darius_8.jpg,Darius,诺克萨斯之手,8
Diana/Diana_0.jpg,Diana,皎月女神,0
Diana/Diana_1.jpg,Diana,皎月女神,1
Diana/Diana_11.jpg,Diana,皎月女神,11
Diana/Diana_12.jpg,Diana,皎月女神,12
Diana/Diana_18.jpg,Diana,皎月女神,18
Diana/Diana_2.jpg,Diana,皎月女神,2
Diana/Diana_25.jpg,Diana,皎月女神,25
Diana/Diana_26.jpg,Diana,皎月女神,26
Diana/Diana_27.jpg,Diana,皎月女神,27
Diana/Diana_3.jpg,Diana,皎月女神,3
Diana/Diana_37.jpg,Diana,皎月女神,37
Diana/Diana_47.jpg,Diana,皎月女神,47
Diana/Diana_54.jpg,Diana,皎月女神,54
Diana/Diana_64.jpg,Diana,皎月女神,64
Diana/Diana_65.jpg,Diana,皎月女神,65
Diana/Diana_76.jpg,Diana,皎月女神,76
Diana/Diana_77.jpg,Diana,皎月女神,77
DrMundo/DrMundo_0.jpg,DrMundo,祖安狂人,0
DrMundo/DrMundo_1.jpg,DrMundo,祖安狂人,1
DrMundo/DrMundo_10.jpg,DrMundo,祖安狂人,10
DrMundo/DrMundo_2.jpg,DrMundo,祖安狂人,2
DrMundo/DrMundo_21.jpg,DrMundo,祖安狂人,21
DrMundo/DrMundo_3.jpg,DrMundo,祖安狂人,3
DrMundo/DrMundo_4.jpg,DrMundo,祖安狂人,4
DrMundo/DrMundo_5.jpg,DrMundo,祖安狂人,5
DrMundo/DrMundo_6.jpg,DrMundo,祖安狂人,6
DrMundo/DrMundo_7.jpg,DrMundo,祖安狂人,7
DrMundo/DrMundo_8.jpg,DrMundo,祖安狂人,8
DrMundo/DrMundo_9.jpg,DrMundo,祖安狂人,9
Draven/Draven_0.jpg,Draven,荣耀行刑官,0
Draven/Draven_1.jpg,Draven,荣耀行刑官,1
Draven/Draven_12.jpg,Draven,荣耀行刑官,12
Draven/Draven_13.jpg,Draven,荣耀行刑官,13
Draven/Draven_2.jpg,Draven,荣耀行刑官,2
Draven/Draven_20.jpg,Draven,荣耀行刑官,20
Draven/Draven_29.jpg,Draven,荣耀行刑官,29
Draven/Draven_3.jpg,Draven,荣耀行刑官,3
Draven/Draven_39.jpg,Draven,荣耀行刑官,39
Draven/Draven_4.jpg,Draven,荣耀行刑官,4
Draven/Draven_48.jpg,Draven,荣耀行刑官,48
Draven/Draven_5.jpg,Draven,荣耀行刑官,5
Draven/Draven_58.jpg,Draven,荣耀行刑官,58
Draven/Draven_6.jpg,Draven,荣耀行刑官,6
Draven/Draven_68.jpg,Draven,荣耀行刑官,68
Ekko/Ekko_0.jpg,Ekko,时间刺客,0
Ekko/Ekko_1.jpg,Ekko,时间刺客,1
Ekko/Ekko_11.jpg,Ekko,时间刺客,11
Ekko/Ekko_12.jpg,Ekko,时间刺客,12
Ekko/Ekko_19.jpg,Ekko,时间刺客,19
Ekko/Ekko_2.jpg,Ekko,时间刺客,2
Ekko/Ekko_28.jpg,Ekko,时间刺客,28
Ekko/Ekko_3.jpg,Ekko,时间刺客,3
Ekko/Ekko_36.jpg,Ekko,时间刺客,36
Ekko/Ekko_45.jpg,Ekko,时间刺客,45
Ekko/Ekko_46.jpg,Ekko,时间刺客,46
Ekko/Ekko_56.jpg,Ekko,时间刺客,56
Ekko/Ekko_57.jpg,Ekko,时间刺客,57
Elise/Elise_0.jpg,Elise,蜘蛛女皇,0
Elise/Elise_1.jpg,Elise,蜘蛛女皇,1
Elise/Elise_15.jpg,Elise,蜘蛛女皇,15
Elise/Elise_2.jpg,Elise,蜘蛛女皇,2
Elise/Elise_24.jpg,Elise,蜘蛛女皇,24
Elise/Elise_3.jpg,Elise,蜘蛛女皇,3
Elise/Elise_34.jpg,Elise,蜘蛛女皇,34
Elise/Elise_4.jpg,Elise,蜘蛛女皇,4
Elise/Elise_5.jpg,Elise,蜘蛛女皇,5
Elise/Elise_6.jpg,Elise,蜘蛛女皇,6
Evelynn/Evelynn_0.jpg,Evelynn,痛苦之拥,0
Evelynn/Evelynn_1.jpg,Evelynn,痛苦之拥,1
Evelynn/Evelynn_15.jpg,Evelynn,痛苦之拥,15
Evelynn/Evelynn_2.jpg,Evelynn,痛苦之拥,2
Evelynn/Evelynn_24.jpg,Evelynn,痛苦之拥,24
Evelynn/Evelynn_3.jpg,Evelynn,痛苦之拥,3
Evelynn/Evelynn_31.jpg,Evelynn,痛苦之拥,31
Evelynn/Evelynn_32.jpg,Evelynn,痛苦之拥,32
Evelynn/Evelynn_4.jpg,Evelynn,痛苦之拥,4
Evelynn/Evelynn_42.jpg,Evelynn,痛苦之拥,42
Evelynn/Evelynn_5.jpg,Evelynn,痛苦之拥,5
Evelynn/Evelynn_52.jpg,Evelynn,痛苦之拥,52
Evelynn/Evelynn_53.jpg,Evelynn,痛苦之拥,53
Evelynn/Evelynn_6.jpg,Evelynn,痛苦之拥,6
Evelynn/Evelynn_64.jpg,Evelynn,痛苦之拥,64
Evelynn/Evelynn_7.jpg,Evelynn,痛苦之拥,7
Evelynn/Evelynn_8.jpg,Evelynn,痛苦之拥,8
Ezreal/Ezreal_0.jpg,Ezreal,探险家,0
Ezreal/Ezreal_1.jpg,Ezreal,探险家,1
Ezreal/Ezreal_18.jpg,Ezreal,探险家,18
Ezreal/Ezreal_19.jpg,Ezreal,探险家,19
Ezreal/Ezreal_2.jpg,Ezreal,探险家,2
Ezreal/Ezreal_20.jpg,Ezreal,探险家,20
Ezreal/Ezreal_21.jpg,Ezreal,探险家,21
Ezreal/Ezreal_22.jpg,Ezreal,探险家,22
Ezreal/Ezreal_23.jpg,Ezreal,探险家,23
Ezreal/Ezreal_25.jpg,Ezreal,探险家,25
Ezreal/Ezreal_3.jpg,Ezreal,探险家,3
Ezreal/Ezreal_33.jpg,Ezreal,探险家,33
Ezreal/Ezreal_4.jpg,Ezreal,探险家,4
Ezreal/Ezreal_43.jpg,Ezreal,探险家,43
Ezreal/Ezreal_44.jpg,Ezreal,探险家,44
Ezreal/Ezreal_5.jpg,Ezreal,探险家,5
Ezreal/Ezreal_54.jpg,Ezreal,探险家,54
Ezreal/Ezreal_6.jpg,Ezreal,探险家,6
Ezreal/Ezreal_65.jpg,Ezreal,探险家,65
Ezreal/Ezreal_7.jpg,Ezreal,探险家,7
Ezreal/Ezreal_8.jpg,Ezreal,探险家,8
Ezreal/Ezreal_9.jpg,Ezreal,探险家,9
Fiddlesticks/Fiddlesticks_0.jpg,Fiddlesticks,远古恐惧,0
Fiddlesticks/Fiddlesticks_1.jpg,Fiddlesticks,远古恐惧,1
Fiddlesticks/Fiddlesticks_2.jpg,Fiddlesticks,远古恐惧,2
Fiddlesticks/Fiddlesticks_3.jpg,Fiddlesticks,远古恐惧,3
Fiddlesticks/Fiddlesticks_4.jpg,Fiddlesticks,远古恐惧,4
Fiddlesticks/Fiddlesticks_5.jpg,Fiddlesticks,远古恐惧,5
Fiddlesticks/Fiddlesticks_6.jpg,Fiddlesticks,远古恐惧,6
Fiddlesticks/Fiddlesticks_7.jpg,Fiddlesticks,远古恐惧,7
Fiddlesticks/Fiddlesticks_8.jpg,Fiddlesticks,远古恐惧,8
Fiora/Fiora_0.jpg,Fiora,无双剑姬,0
Fiora/Fiora_1.jpg,Fiora,无双剑姬,1
Fiora/Fiora_2.jpg,Fiora,无双剑姬,2
Fiora/Fiora_22.jpg,Fiora,无双剑姬,22
Fiora/Fiora_23.jpg,Fiora,无双剑姬,23
Fiora/Fiora_3.jpg,Fiora,无双剑姬,3
Fiora/Fiora_31.jpg,Fiora,无双剑姬,31
Fiora/Fiora_4.jpg,Fiora,无双剑姬,4
Fiora/Fiora_41.jpg,Fiora,无双剑姬,41
Fiora/Fiora_5.jpg,Fiora,无双剑姬,5
Fiora/Fiora_50.jpg,Fiora,无双剑姬,50
Fiora/Fiora_51.jpg,Fiora,无双剑姬,51
Fiora/Fiora_60.jpg,Fiora,无双剑姬,60
Fiora/Fiora_69.jpg,Fiora,无双剑姬,69
Fiora/Fiora_80.jpg,Fiora,无双剑姬,80
Fiora/Fiora_89.jpg,Fiora,无双剑姬,89
Fiora/Fiora_98.jpg,Fiora,无双剑姬,98
Fizz/Fizz_0.jpg,Fizz,潮汐海灵,0
Fizz/Fizz_1.jpg,Fizz,潮汐海灵,1
Fizz/Fizz_10.jpg,Fizz,潮汐海灵,10
Fizz/Fizz_14.jpg,Fizz,潮汐海灵,14
Fizz/Fizz_15.jpg,Fizz,潮汐海灵,15
Fizz/Fizz_16.jpg,Fizz,潮汐海灵,16
Fizz/Fizz_2.jpg,Fizz,潮汐海灵,2
Fizz/Fizz_25.jpg,Fizz,潮汐海灵,25
Fizz/Fizz_26.jpg,Fizz,潮汐海灵,26
Fizz/Fizz_3.jpg,Fizz,潮汐海灵,3
Fizz/Fizz_35.jpg,Fizz,潮汐海灵,35
Fizz/Fizz_4.jpg,Fizz,潮汐海灵,4
Fizz/Fizz_8.jpg,Fizz,潮汐海灵,8
Fizz/Fizz_9.jpg,Fizz,潮汐海灵,9
Galio/Galio_0.jpg,Galio,正义巨像,0
Galio/Galio_1.jpg,Galio,正义巨像,1
Galio/Galio_13.jpg,Galio,正义巨像,13
Galio/Galio_19.jpg,Galio,正义巨像,19
Galio/Galio_2.jpg,Galio,正义巨像,2
Galio/Galio_28.jpg,Galio,正义巨像,28
Galio/Galio_3.jpg,Galio,正义巨像,3
Galio/Galio_4.jpg,Galio,正义巨像,4
Galio/Galio_40.jpg,Galio,正义巨像,40
Galio/Galio_5.jpg,Galio,正义巨像,5
Galio/Galio_6.jpg,Galio,正义巨像,6
Gangplank/Gangplank_0.jpg,Gangplank,海洋之灾,0
Gangplank/Gangplank_1.jpg,Gangplank,海洋之灾,1
Gangplank/Gangplank_14.jpg,Gangplank,海洋之灾,14
Gangplank/Gangplank_2.jpg,Gangplank,海洋之灾,2
Gangplank/Gangplank_21.jpg,Gangplank,海洋之灾,21
Gangplank/Gangplank_23.jpg,Gangplank,海洋之灾,23
Gangplank/Gangplank_3.jpg,Gangplank,海洋之灾,3
Gangplank/Gangplank_33.jpg,Gangplank,海洋之灾,33
Gangplank/Gangplank_4.jpg,Gangplank,海洋之灾,4
Gangplank/Gangplank_5.jpg,Gangplank,海洋之灾,5
Gangplank/Gangplank_6.jpg,Gangplank,海洋之灾,6
Gangplank/Gangplank_7.jpg,Gangplank,海洋之灾,7
Gangplank/Gangplank_8.jpg,Gangplank,海洋之灾,8
Garen/Garen_0.jpg,Garen,德玛西亚之力,0
Garen/Garen_1.jpg,Garen,德玛西亚之力,1
Garen/Garen_10.jpg,Garen,德玛西亚之力,10
Garen/Garen_11.jpg,Garen,德玛西亚之力,11
Garen/Garen_13.jpg,Garen,德玛西亚之力,13
Garen/Garen_14.jpg,Garen,德玛西亚之力,14
Garen/Garen_2.jpg,Garen,德玛西亚之力,2
Garen/Garen_22.jpg,Garen,德玛西亚之力,22
Garen/Garen_23.jpg,Garen,德玛西亚之力,23
Garen/Garen_24.jpg,Garen,德玛西亚之力,24
Garen/Garen_3.jpg,Garen,德玛西亚之力,3
Garen/Garen_33.jpg,Garen,德玛西亚之力,33
Garen/Garen_4.jpg,Garen,德玛西亚之力,4
Garen/Garen_44.jpg,Garen,德玛西亚之力,44
Garen/Garen_46.jpg,Garen,德玛西亚之力,46
Garen/Garen_5.jpg,Garen,德玛西亚之力,5
Garen/Garen_6.jpg,Garen,德玛西亚之力,6
Gnar/Gnar_0.jpg,Gnar,迷失之牙,0
Gnar/Gnar_1.jpg,Gnar,迷失之牙,1
Gnar/Gnar_13.jpg,Gnar,迷失之牙,13
Gnar/Gnar_14.jpg,Gnar,迷失之牙,14
Gnar/Gnar_15.jpg,Gnar,迷失之牙,15
Gnar/Gnar_2.jpg,Gnar,迷失之牙,2
Gnar/Gnar_22.jpg,Gnar,迷失之牙,22
Gnar/Gnar_3.jpg,Gnar,迷失之牙,3
Gnar/Gnar_31.jpg,Gnar,迷失之牙,31
Gnar/Gnar_4.jpg,Gnar,迷失之牙,4
Gnar/Gnar_41.jpg,Gnar,迷失之牙,41
Gragas/Gragas_0.jpg,Gragas,酒桶,0
Gragas/Gragas_1.jpg,Gragas,酒桶,1
Gragas/Gragas_10.jpg,Gragas,酒桶,10
Gragas/Gragas_11.jpg,Gragas,酒桶,11
Gragas/Gragas_2.jpg,Gragas,酒桶,2
Gragas/Gragas_20.jpg,Gragas,酒桶,20
Gragas/Gragas_29.jpg,Gragas,酒桶,29
Gragas/Gragas_3.jpg,Gragas,酒桶,3
Gragas/Gragas_39.jpg,Gragas,酒桶,39
Gragas/Gragas_4.jpg,Gragas,酒桶,4
Gragas/Gragas_5.jpg,Gragas,酒桶,5
Gragas/Gragas_6.jpg,Gragas,酒桶,6
Gragas/Gragas_7.jpg,Gragas,酒桶,7
Gragas/Gragas_8.jpg,Gragas,酒桶,8
Gragas/Gragas_9.jpg,Gragas,酒桶,9
Graves/Graves_0.jpg,Graves,法外狂徒,0
Graves/Graves_1.jpg,Graves,法外狂徒,1
Graves/Graves_14.jpg,Graves,法外狂徒,14
Graves/Graves_18.jpg,Graves,法外狂徒,18
Graves/Graves_2.jpg,Graves,法外狂徒,2
Graves/Graves_25.jpg,Graves,法外狂徒,25
Graves/Graves_3.jpg,Graves,法外狂徒,3
Graves/Graves_35.jpg,Graves,法外狂徒,35
Graves/Graves_4.jpg,Graves,法外狂徒,4
Graves/Graves_42.jpg,Graves,法外狂徒,42
Graves/Graves_45.jpg,Graves,法外狂徒,45
Graves/Graves_5.jpg,Graves,法外狂徒,5
Graves/Graves_6.jpg,Graves,法外狂徒,6
Graves/Graves_7.jpg,Graves,法外狂徒,7
Gwen/Gwen_0.jpg,Gwen,灵罗娃娃,0
Gwen/Gwen_1.jpg,Gwen,灵罗娃娃,1
Gwen/Gwen_11.jpg,Gwen,灵罗娃娃,11
Gwen/Gwen_20.jpg,Gwen,灵罗娃娃,20
Gwen/Gwen_30.jpg,Gwen,灵罗娃娃,30
Gwen/Gwen_39.jpg,Gwen,灵罗娃娃,39
Hecarim/Hecarim_0.jpg,Hecarim,战争之影,0
Hecarim/Hecarim_1.jpg,Hecarim,战争之影,1
Hecarim/Hecarim_14.jpg,Hecarim,战争之影,14
Hecarim/Hecarim_2.jpg,Hecarim,战争之影,2
Hecarim/Hecarim_22.jpg,Hecarim,战争之影,22
Hecarim/Hecarim_3.jpg,Hecarim,战争之影,3
Hecarim/Hecarim_31.jpg,Hecarim,战争之影,31
Hecarim/Hecarim_4.jpg,Hecarim,战争之影,4
Hecarim/Hecarim_41.jpg,Hecarim,战争之影,41
Hecarim/Hecarim_5.jpg,Hecarim,战争之影,5
Hecarim/Hecarim_6.jpg,Hecarim,战争之影,6
Hecarim/Hecarim_7.jpg,Hecarim,战争之影,7
Hecarim/Hecarim_8.jpg,Hecarim,战争之影,8
Heimerdinger/Heimerdinger_0.jpg,Heimerdinger,大发明家,0
Heimerdinger/Heimerdinger_1.jpg,Heimerdinger,大发明家,1
Heimerdinger/Heimerdinger_15.jpg,Heimerdinger,大发明家,15
Heimerdinger/Heimerdinger_2.jpg,Heimerdinger,大发明家,2
Heimerdinger/Heimerdinger_24.jpg,Heimerdinger,大发明家,24
Heimerdinger/Heimerdinger_3.jpg,Heimerdinger,大发明家,3
Heimerdinger/Heimerdinger_33.jpg,Heimerdinger,大发明家,33
Heimerdinger/Heimerdinger_4.jpg,Heimerdinger,大发明家,4
Heimerdinger/Heimerdinger_5.jpg,Heimerdinger,大发明家,5
Heimerdinger/Heimerdinger_6.jpg,Heimerdinger,大发明家,6
Hwei/Hwei_0.jpg,Hwei,异画师,0
Hwei/Hwei_1.jpg,Hwei,异画师,1
Hwei/Hwei_11.jpg,Hwei,异画师,11
Illaoi/Illaoi_0.jpg,Illaoi,海兽祭司,0
Illaoi/Illaoi_1.jpg,Illaoi,海兽祭司,1
Illaoi/Illaoi_10.jpg,Illaoi,海兽祭司,10
Illaoi/Illaoi_18.jpg,Illaoi,海兽祭司,18
Illaoi/Illaoi_2.jpg,Illaoi,海兽祭司,2
Illaoi/Illaoi_27.jpg,Illaoi,海兽祭司,27
Illaoi/Illaoi_37.jpg,Illaoi,海兽祭司,37
Irelia/Irelia_0.jpg,Irelia,刀锋舞者,0
Irelia/Irelia_1.jpg,Irelia,刀锋舞者,1
Irelia/Irelia_15.jpg,Irelia,刀锋舞者,15
Irelia/Irelia_16.jpg,Irelia,刀锋舞者,16
Irelia/Irelia_17.jpg,Irelia,刀锋舞者,17
Irelia/Irelia_18.jpg,Irelia,刀锋舞者,18
Irelia/Irelia_2.jpg,Irelia,刀锋舞者,2
Irelia/Irelia_26.jpg,Irelia,刀锋舞者,26
Irelia/Irelia_3.jpg,Irelia,刀锋舞者,3
Irelia/Irelia_36.jpg,Irelia,刀锋舞者,36
Irelia/Irelia_37.jpg,Irelia,刀锋舞者,37
Irelia/Irelia_4.jpg,Irelia,刀锋舞者,4
Irelia/Irelia_45.jpg,Irelia,刀锋舞者,45
Irelia/Irelia_5.jpg,Irelia,刀锋舞者,5
Irelia/Irelia_55.jpg,Irelia,刀锋舞者,55
Irelia/Irelia_6.jpg,Irelia,刀锋舞者,6
Irelia/Irelia_63.jpg,Irelia,刀锋舞者,63
Ivern/Ivern_0.jpg,Ivern,翠神,0
Ivern/Ivern_1.jpg,Ivern,翠神,1
Ivern/Ivern_11.jpg,Ivern,翠神,11
Ivern/Ivern_2.jpg,Ivern,翠神,2
Ivern/Ivern_20.jpg,Ivern,翠神,20
Ivern/Ivern_30.jpg,Ivern,翠神,30
Ivern/Ivern_31.jpg,Ivern,翠神,31
Janna/Janna_0.jpg,Janna,风暴之怒,0
Janna/Janna_1.jpg,Janna,风暴之怒,1
Janna/Janna_13.jpg,Janna,风暴之怒,13
Janna/Janna_2.jpg,Janna,风暴之怒,2
Janna/Janna_20.jpg,Janna,风暴之怒,20
Janna/Janna_27.jpg,Janna,风暴之怒,27
Janna/Janna_3.jpg,Janna,风暴之怒,3
Janna/Janna_36.jpg,Janna,风暴之怒,36
Janna/Janna_4.jpg,Janna,风暴之怒,4
Janna/Janna_45.jpg,Janna,风暴之怒,45
Janna/Janna_46.jpg,Janna,风暴之怒,46
Janna/Janna_5.jpg,Janna,风暴之怒,5
Janna/Janna_56.jpg,Janna,风暴之怒,56
Janna/Janna_6.jpg,Janna,风暴之怒,6
Janna/Janna_66.jpg,Janna,风暴之怒,66
Janna/Janna_7.jpg,Janna,风暴之怒,7
Janna/Janna_8.jpg,Janna,风暴之怒,8
JarvanIV/JarvanIV_0.jpg,JarvanIV,德玛西亚皇子,0
JarvanIV/JarvanIV_1.jpg,JarvanIV,德玛西亚皇子,1
JarvanIV/JarvanIV_11.jpg,JarvanIV,德玛西亚皇子,11
JarvanIV/JarvanIV_2.jpg,JarvanIV,德玛西亚皇子,2
JarvanIV/JarvanIV_21.jpg,JarvanIV,德玛西亚皇子,21
JarvanIV/JarvanIV_3.jpg,JarvanIV,德玛西亚皇子,3
JarvanIV/JarvanIV_30.jpg,JarvanIV,德玛西亚皇子,30
JarvanIV/JarvanIV_35.jpg,JarvanIV,德玛西亚皇子,35
JarvanIV/JarvanIV_4.jpg,JarvanIV,德玛西亚皇子,4
JarvanIV/JarvanIV_44.jpg,JarvanIV,德玛西亚皇子,44
JarvanIV/JarvanIV_5.jpg,JarvanIV,德玛西亚皇子,5
JarvanIV/JarvanIV_54.jpg,JarvanIV,德玛西亚皇子,54
JarvanIV/JarvanIV_6.jpg,JarvanIV,德玛西亚皇子,6
JarvanIV/JarvanIV_7.jpg,JarvanIV,德玛西亚皇子,7
JarvanIV/JarvanIV_8.jpg,JarvanIV,德玛西亚皇子,8
JarvanIV/JarvanIV_9.jpg,JarvanIV,德玛西亚皇子,9
Jax/Jax_0.jpg,Jax,武器大师,0
Jax/Jax_1.jpg,Jax,武器大师,1
Jax/Jax_12.jpg,Jax,武器大师,12
Jax/Jax_13.jpg,Jax,武器大师,13
Jax/Jax_14.jpg,Jax,武器大师,14
Jax/Jax_2.jpg,Jax,武器大师,2
Jax/Jax_20.jpg,Jax,武器大师,20
Jax/Jax_21.jpg,Jax,武器大师,21
Jax/Jax_22.jpg,Jax,武器大师,22
Jax/Jax_3.jpg,Jax,武器大师,3
Jax/Jax_32.jpg,Jax,武器大师,32
Jax/Jax_33.jpg,Jax,武器大师,33
Jax/Jax_4.jpg,Jax,武器大师,4
Jax/Jax_5.jpg,Jax,武器大师,5
Jax/Jax_6.jpg,Jax,武器大师,6
Jax/Jax_7.jpg,Jax,武器大师,7
Jax/Jax_8.jpg,Jax,武器大师,8
Jayce/Jayce_0.jpg,Jayce,未来守护者,0
Jayce/Jayce_1.jpg,Jayce,未来守护者,1
Jayce/Jayce_15.jpg,Jayce,未来守护者,15
Jayce/Jayce_2.jpg,Jayce,未来守护者,2
Jayce/Jayce_24.jpg,Jayce,未来守护者,24
Jayce/Jayce_25.jpg,Jayce,未来守护者,25
Jayce/Jayce_3.jpg,Jayce,未来守护者,3
Jayce/Jayce_34.jpg,Jayce,未来守护者,34
Jayce/Jayce_35.jpg,Jayce,未来守护者,35
Jayce/Jayce_36.jpg,Jayce,未来守护者,36
Jayce/Jayce_38.jpg,Jayce,未来守护者,38
Jayce/Jayce_4.jpg,Jayce,未来守护者,4
Jayce/Jayce_5.jpg,Jayce,未来守护者,5
Jhin/Jhin_0.jpg,Jhin,戏命师,0
Jhin/Jhin_1.jpg,Jhin,戏命师,1
Jhin/Jhin_14.jpg,Jhin,戏命师,14
Jhin/Jhin_2.jpg,Jhin,戏命师,2
Jhin/Jhin_23.jpg,Jhin,戏命师,23
Jhin/Jhin_25.jpg,Jhin,戏命师,25
Jhin/Jhin_3.jpg,Jhin,戏命师,3
Jhin/Jhin_36.jpg,Jhin,戏命师,36
Jhin/Jhin_37.jpg,Jhin,戏命师,37
Jhin/Jhin_4.jpg,Jhin,戏命师,4
Jhin/Jhin_47.jpg,Jhin,戏命师,47
Jhin/Jhin_5.jpg,Jhin,戏命师,5
Jhin/Jhin_55.jpg,Jhin,戏命师,55
Jinx/Jinx_0.jpg,Jinx,暴走萝莉,0
Jinx/Jinx_1.jpg,Jinx,暴走萝莉,1
Jinx/Jinx_12.jpg,Jinx,暴走萝莉,12
Jinx/Jinx_13.jpg,Jinx,暴走萝莉,13
Jinx/Jinx_2.jpg,Jinx,暴走萝莉,2
Jinx/Jinx_20.jpg,Jinx,暴走萝莉,20
Jinx/Jinx_29.jpg,Jinx,暴走萝莉,29
Jinx/Jinx_3.jpg,Jinx,暴走萝莉,3
Jinx/Jinx_37.jpg,Jinx,暴走萝莉,37
Jinx/Jinx_38.jpg,Jinx,暴走萝莉,38
Jinx/Jinx_4.jpg,Jinx,暴走萝莉,4
Jinx/Jinx_40.jpg,Jinx,暴走萝莉,40
Jinx/Jinx_51.jpg,Jinx,暴走萝莉,51
Jinx/Jinx_60.jpg,Jinx,暴走萝莉,60
Jinx/Jinx_62.jpg,Jinx,暴走萝莉,62
KSante/KSante_0.jpg,KSante,纳祖芒荣耀,0
KSante/KSante_1.jpg,KSante,纳祖芒荣耀,1
KSante/KSante_2.jpg,KSante,纳祖芒荣耀,2
KSante/KSante_8.jpg,KSante,纳祖芒荣耀,8
Kaisa/Kaisa_0.jpg,Kaisa,虚空之女,0
Kaisa/Kaisa_1.jpg,Kaisa,虚空之女,1
Kaisa/Kaisa_14.jpg,Kaisa,虚空之女,14
Kaisa/Kaisa_15.jpg,Kaisa,虚空之女,15
Kaisa/Kaisa_16.jpg,Kaisa,虚空之女,16
Kaisa/Kaisa_17.jpg,Kaisa,虚空之女,17
Kaisa/Kaisa_26.jpg,Kaisa,虚空之女,26
Kaisa/Kaisa_27.jpg,Kaisa,虚空之女,27
Kaisa/Kaisa_29.jpg,Kaisa,虚空之女,29
Kaisa/Kaisa_39.jpg,Kaisa,虚空之女,39
Kaisa/Kaisa_40.jpg,Kaisa,虚空之女,40
Kaisa/Kaisa_48.jpg,Kaisa,虚空之女,48
Kaisa/Kaisa_59.jpg,Kaisa,虚空之女,59
Kaisa/Kaisa_69.jpg,Kaisa,虚空之女,69
Kaisa/Kaisa_70.jpg,Kaisa,虚空之女,70
Kaisa/Kaisa_71.jpg,Kaisa,虚空之女,71
Kalista/Kalista_0.jpg,Kalista,复仇之矛,0
Kalista/Kalista_1.jpg,Kalista,复仇之矛,1
Kalista/Kalista_14.jpg,Kalista,复仇之矛,14
Kalista/Kalista_2.jpg,Kalista,复仇之矛,2
Kalista/Kalista_24.jpg,Kalista,复仇之矛,24
Kalista/Kalista_3.jpg,Kalista,复仇之矛,3
Kalista/Kalista_5.jpg,Kalista,复仇之矛,5
Karma/Karma_0.jpg,Karma,天启者,0
Karma/Karma_1.jpg,Karma,天启者,1
Karma/Karma_19.jpg,Karma,天启者,19
Karma/Karma_2.jpg,Karma,天启者,2
Karma/Karma_26.jpg,Karma,天启者,26
Karma/Karma_27.jpg,Karma,天启者,27
Karma/Karma_3.jpg,Karma,天启者,3
Karma/Karma_4.jpg,Karma,天启者,4
Karma/Karma_44.jpg,Karma,天启者,44
Karma/Karma_5.jpg,Karma,天启者,5
Karma/Karma_54.jpg,Karma,天启者,54
Karma/Karma_6.jpg,Karma,天启者,6
Karma/Karma_61.jpg,Karma,天启者,61
Karma/Karma_7.jpg,Karma,天启者,7
Karma/Karma_70.jpg,Karma,天启者,70
Karma/Karma_8.jpg,Karma,天启者,8
Karthus/Karthus_0.jpg,Karthus,死亡颂唱者,0
Karthus/Karthus_1.jpg,Karthus,死亡颂唱者,1
Karthus/Karthus_10.jpg,Karthus,死亡颂唱者,10
Karthus/Karthus_17.jpg,Karthus,死亡颂唱者,17
Karthus/Karthus_2.jpg,Karthus,死亡颂唱者,2
Karthus/Karthus_26.jpg,Karthus,死亡颂唱者,26
Karthus/Karthus_3.jpg,Karthus,死亡颂唱者,3
Karthus/Karthus_35.jpg,Karthus,死亡颂唱者,35
Karthus/Karthus_4.jpg,Karthus,死亡颂唱者,4
Karthus/Karthus_5.jpg,Karthus,死亡颂唱者,5
Karthus/Karthus_9.jpg,Karthus,死亡颂唱者,9
Kassadin/Kassadin_0.jpg,Kassadin,虚空行者,0
Kassadin/Kassadin_1.jpg,Kassadin,虚空行者,1
Kassadin/Kassadin_14.jpg,Kassadin,虚空行者,14
Kassadin/Kassadin_15.jpg,Kassadin,虚空行者,15
Kassadin/Kassadin_2.jpg,Kassadin,虚空行者,2
Kassadin/Kassadin_24.jpg,Kassadin,虚空行者,24
Kassadin/Kassadin_3.jpg,Kassadin,虚空行者,3
Kassadin/Kassadin_4.jpg,Kassadin,虚空行者,4
Kassadin/Kassadin_5.jpg,Kassadin,虚空行者,5
Kassadin/Kassadin_6.jpg,Kassadin,虚空行者,6
Katarina/Katarina_0.jpg,Katarina,不祥之刃,0
Katarina/Katarina_1.jpg,Katarina,不祥之刃,1
Katarina/Katarina_10.jpg,Katarina,不祥之刃,10
Katarina/Katarina_12.jpg,Katarina,不祥之刃,12
Katarina/Katarina_2.jpg,Katarina,不祥之刃,2
Katarina/Katarina_21.jpg,Katarina,不祥之刃,21
Katarina/Katarina_29.jpg,Katarina,不祥之刃,29
Katarina/Katarina_3.jpg,Katarina,不祥之刃,3
Katarina/Katarina_37.jpg,Katarina,不祥之刃,37
Katarina/Katarina_4.jpg,Katarina,不祥之刃,4
Katarina/Katarina_47.jpg,Katarina,不祥之刃,47
Katarina/Katarina_48.jpg,Katarina,不祥之刃,48
Katarina/Katarina_5.jpg,Katarina,不祥之刃,5
Katarina/Katarina_59.jpg,Katarina,不祥之刃,59
Katarina/Katarina_6.jpg,Katarina,不祥之刃,6
Katarina/Katarina_60.jpg,Katarina,不祥之刃,60
Katarina/Katarina_7.jpg,Katarina,不祥之刃,7
Katarina/Katarina_70.jpg,Katarina,不祥之刃,70
Katarina/Katarina_8.jpg,Katarina,不祥之刃,8
Katarina/Katarina_9.jpg,Katarina,不祥之刃,9
Kayle/Kayle_0.jpg,Kayle,正义天使,0
Kayle/Kayle_1.jpg,Kayle,正义天使,1
Kayle/Kayle_15.jpg,Kayle,正义天使,15
Kayle/Kayle_2.jpg,Kayle,正义天使,2
Kayle/Kayle_24.jpg,Kayle,正义天使,24
Kayle/Kayle_3.jpg,Kayle,正义天使,3
Kayle/Kayle_33.jpg,Kayle,正义天使,33
Kayle/Kayle_4.jpg,Kayle,正义天使,4
Kayle/Kayle_42.jpg,Kayle,正义天使,42
Kayle/Kayle_5.jpg,Kayle,正义天使,5
Kayle/Kayle_57.jpg,Kayle,正义天使,57
Kayle/Kayle_6.jpg,Kayle,正义天使,6
Kayle/Kayle_66.jpg,Kayle,正义天使,66
Kayle/Kayle_67.jpg,Kayle,正义天使,67
Kayle/Kayle_7.jpg,Kayle,正义天使,7
Kayle/Kayle_78.jpg,Kayle,正义天使,78
Kayle/Kayle_8.jpg,Kayle,正义天使,8
Kayle/Kayle_9.jpg,Kayle,正义天使,9
Kayn/Kayn_0.jpg,Kayn,影流之镰,0
Kayn/Kayn_1.jpg,Kayn,影流之镰,1
Kayn/Kayn_15.jpg,Kayn,影流之镰,15
Kayn/Kayn_2.jpg,Kayn,影流之镰,2
Kayn/Kayn_20.jpg,Kayn,影流之镰,20
Kayn/Kayn_26.jpg,Kayn,影流之镰,26
Kayn/Kayn_8.jpg,Kayn,影流之镰,8
Kayn/Kayn_9.jpg,Kayn,影流之镰,9
Kennen/Kennen_0.jpg,Kennen,狂暴之心,0
Kennen/Kennen_1.jpg,Kennen,狂暴之心,1
Kennen/Kennen_2.jpg,Kennen,狂暴之心,2
Kennen/Kennen_23.jpg,Kennen,狂暴之心,23
Kennen/Kennen_25.jpg,Kennen,狂暴之心,25
Kennen/Kennen_3.jpg,Kennen,狂暴之心,3
Kennen/Kennen_4.jpg,Kennen,狂暴之心,4
Kennen/Kennen_5.jpg,Kennen,狂暴之心,5
Kennen/Kennen_6.jpg,Kennen,狂暴之心,6
Kennen/Kennen_7.jpg,Kennen,狂暴之心,7
Kennen/Kennen_8.jpg,Kennen,狂暴之心,8
Khazix/Khazix_0.jpg,Khazix,虚空掠夺者,0
Khazix/Khazix_1.jpg,Khazix,虚空掠夺者,1
Khazix/Khazix_11.jpg,Khazix,虚空掠夺者,11
Khazix/Khazix_2.jpg,Khazix,虚空掠夺者,2
Khazix/Khazix_3.jpg,Khazix,虚空掠夺者,3
Khazix/Khazix_4.jpg,Khazix,虚空掠夺者,4
Khazix/Khazix_60.jpg,Khazix,虚空掠夺者,60
Khazix/Khazix_69.jpg,Khazix,虚空掠夺者,69
Khazix/Khazix_79.jpg,Khazix,虚空掠夺者,79
Kindred/Kindred_0.jpg,Kindred,永猎双子,0
Kindred/Kindred_1.jpg,Kindred,永猎双子,1
Kindred/Kindred_12.jpg,Kindred,永猎双子,12
Kindred/Kindred_2.jpg,Kindred,永猎双子,2
Kindred/Kindred_22.jpg,Kindred,永猎双子,22
Kindred/Kindred_23.jpg,Kindred,永猎双子,23
Kindred/Kindred_3.jpg,Kindred,永猎双子,3
Kindred/Kindred_33.jpg,Kindred,永猎双子,33
Kindred/Kindred_34.jpg,Kindred,永猎双子,34
Kindred/Kindred_45.jpg,Kindred,永猎双子,45
Kled/Kled_0.jpg,Kled,暴怒骑士,0
Kled/Kled_1.jpg,Kled,暴怒骑士,1
Kled/Kled_18.jpg,Kled,暴怒骑士,18
Kled/Kled_2.jpg,Kled,暴怒骑士,2
Kled/Kled_9.jpg,Kled,暴怒骑士,9
KogMaw/KogMaw_0.jpg,KogMaw,深渊巨口,0
KogMaw/KogMaw_1.jpg,KogMaw,深渊巨口,1
KogMaw/KogMaw_10.jpg,KogMaw,深渊巨口,10
KogMaw/KogMaw_19.jpg,KogMaw,深渊巨口,19
KogMaw/KogMaw_2.jpg,KogMaw,深渊巨口,2
KogMaw/KogMaw_28.jpg,KogMaw,深渊巨口,28
KogMaw/KogMaw_3.jpg,KogMaw,深渊巨口,3
KogMaw/KogMaw_37.jpg,KogMaw,深渊巨口,37
KogMaw/KogMaw_4.jpg,KogMaw,深渊巨口,4
KogMaw/KogMaw_46.jpg,KogMaw,深渊巨口,46
KogMaw/KogMaw_5.jpg,KogMaw,深渊巨口,5
KogMaw/KogMaw_55.jpg,KogMaw,深渊巨口,55
KogMaw/KogMaw_6.jpg,KogMaw,深渊巨口,6
KogMaw/KogMaw_7.jpg,KogMaw,深渊巨口,7
KogMaw/KogMaw_8.jpg,KogMaw,深渊巨口,8
KogMaw/KogMaw_9.jpg,KogMaw,深渊巨口,9
Leblanc/Leblanc_0.jpg,Leblanc,诡术妖姬,0
Leblanc/Leblanc_1.jpg,Leblanc,诡术妖姬,1
Leblanc/Leblanc_12.jpg,Leblanc,诡术妖姬,12
Leblanc/Leblanc_19.jpg,Leblanc,诡术妖姬,19
Leblanc/Leblanc_2.jpg,Leblanc,诡术妖姬,2
Leblanc/Leblanc_20.jpg,Leblanc,诡术妖姬,20
Leblanc/Leblanc_29.jpg,Leblanc,诡术妖姬,29
Leblanc/Leblanc_3.jpg,Leblanc,诡术妖姬,3
Leblanc/Leblanc_33.jpg,Leblanc,诡术妖姬,33
Leblanc/Leblanc_35.jpg,Leblanc,诡术妖姬,35
Leblanc/Leblanc_4.jpg,Leblanc,诡术妖姬,4
Leblanc/Leblanc_45.jpg,Leblanc,诡术妖姬,45
Leblanc/Leblanc_5.jpg,Leblanc,诡术妖姬,5
Leblanc/Leblanc_55.jpg,Leblanc,诡术妖姬,55
LeeSin/LeeSin_0.jpg,LeeSin,盲僧,0
LeeSin/LeeSin_1.jpg,LeeSin,盲僧,1
LeeSin/LeeSin_10.jpg,LeeSin,盲僧,10
LeeSin/LeeSin_11.jpg,LeeSin,盲僧,11
LeeSin/LeeSin_12.jpg,LeeSin,盲僧,12
LeeSin/LeeSin_2.jpg,LeeSin,盲僧,2
LeeSin/LeeSin_27.jpg,LeeSin,盲僧,27
LeeSin/LeeSin_28.jpg,LeeSin,盲僧,28
LeeSin/LeeSin_29.jpg,LeeSin,盲僧,29
LeeSin/LeeSin_3.jpg,LeeSin,盲僧,3
LeeSin/LeeSin_31.jpg,LeeSin,盲僧,31
LeeSin/LeeSin_39.jpg,LeeSin,盲僧,39
LeeSin/LeeSin_4.jpg,LeeSin,盲僧,4
LeeSin/LeeSin_41.jpg,LeeSin,盲僧,41
LeeSin/LeeSin_5.jpg,LeeSin,盲僧,5
LeeSin/LeeSin_51.jpg,LeeSin,盲僧,51
LeeSin/LeeSin_52.jpg,LeeSin,盲僧,52
LeeSin/LeeSin_6.jpg,LeeSin,盲僧,6
LeeSin/LeeSin_68.jpg,LeeSin,盲僧,68
LeeSin/LeeSin_72.jpg,LeeSin,盲僧,72
Leona/Leona_0.jpg,Leona,曙光女神,0
Leona/Leona_1.jpg,Leona,曙光女神,1
Leona/Leona_10.jpg,Leona,曙光女神,10
Leona/Leona_11.jpg,Leona,曙光女神,11
Leona/Leona_12.jpg,Leona,曙光女神,12
Leona/Leona_2.jpg,Leona,曙光女神,2
Leona/Leona_21.jpg,Leona,曙光女神,21
Leona/Leona_22.jpg,Leona,曙光女神,22
Leona/Leona_23.jpg,Leona,曙光女神,23
Leona/Leona_3.jpg,Leona,曙光女神,3
Leona/Leona_33.jpg,Leona,曙光女神,33
Leona/Leona_34.jpg,Leona,曙光女神,34
Leona/Leona_4.jpg,Leona,曙光女神,4
Leona/Leona_50.jpg,Leona,曙光女神,50
Leona/Leona_52.jpg,Leona,曙光女神,52
Leona/Leona_53.jpg,Leona,曙光女神,53
Leona/Leona_64.jpg,Leona,曙光女神,64
Leona/Leona_8.jpg,Leona,曙光女神,8
Leona/Leona_9.jpg,Leona,曙光女神,9
Lillia/Lillia_0.jpg,Lillia,含羞蓓蕾,0
Lillia/Lillia_1.jpg,Lillia,含羞蓓蕾,1
Lillia/Lillia_10.jpg,Lillia,含羞蓓蕾,10
Lillia/Lillia_19.jpg,Lillia,含羞蓓蕾,19
Lillia/Lillia_28.jpg,Lillia,含羞蓓蕾,28
Lillia/Lillia_37.jpg,Lillia,含羞蓓蕾,37
Lillia/Lillia_46.jpg,Lillia,含羞蓓蕾,46
Lissandra/Lissandra_0.jpg,Lissandra,冰霜女巫,0
Lissandra/Lissandra_1.jpg,Lissandra,冰霜女巫,1
Lissandra/Lissandra_12.jpg,Lissandra,冰霜女巫,12
Lissandra/Lissandra_2.jpg,Lissandra,冰霜女巫,2
Lissandra/Lissandra_23.jpg,Lissandra,冰霜女巫,23
Lissandra/Lissandra_3.jpg,Lissandra,冰霜女巫,3
Lissandra/Lissandra_33.jpg,Lissandra,冰霜女巫,33
Lissandra/Lissandra_34.jpg,Lissandra,冰霜女巫,34
Lissandra/Lissandra_4.jpg,Lissandra,冰霜女巫,4
Lissandra/Lissandra_43.jpg,Lissandra,冰霜女巫,43
Lucian/Lucian_0.jpg,Lucian,圣枪游侠,0
Lucian/Lucian_1.jpg,Lucian,圣枪游侠,1
Lucian/Lucian_18.jpg,Lucian,圣枪游侠,18
Lucian/Lucian_19.jpg,Lucian,圣枪游侠,19
Lucian/Lucian_2.jpg,Lucian,圣枪游侠,2
Lucian/Lucian_25.jpg,Lucian,圣枪游侠,25
Lucian/Lucian_31.jpg,Lucian,圣枪游侠,31
Lucian/Lucian_40.jpg,Lucian,圣枪游侠,40
Lucian/Lucian_52.jpg,Lucian,圣枪游侠,52
Lucian/Lucian_6.jpg,Lucian,圣枪游侠,6
Lucian/Lucian_62.jpg,Lucian,圣枪游侠,62
Lucian/Lucian_7.jpg,Lucian,圣枪游侠,7
Lucian/Lucian_72.jpg,Lucian,圣枪游侠,72
Lucian/Lucian_8.jpg,Lucian,圣枪游侠,8
Lucian/Lucian_9.jpg,Lucian,圣枪游侠,9
Lulu/Lulu_0.jpg,Lulu,仙灵女巫,0
Lulu/Lulu_1.jpg,Lulu,仙灵女巫,1
Lulu/Lulu_14.jpg,Lulu,仙灵女巫,14
Lulu/Lulu_15.jpg,Lulu,仙灵女巫,15
Lulu/Lulu_2.jpg,Lulu,仙灵女巫,2
Lulu/Lulu_26.jpg,Lulu,仙灵女巫,26
Lulu/Lulu_27.jpg,Lulu,仙灵女巫,27
Lulu/Lulu_3.jpg,Lulu,仙灵女巫,3
Lulu/Lulu_37.jpg,Lulu,仙灵女巫,37
Lulu/Lulu_4.jpg,Lulu,仙灵女巫,4
Lulu/Lulu_46.jpg,Lulu,仙灵女巫,46
Lulu/Lulu_5.jpg,Lulu,仙灵女巫,5
Lulu/Lulu_55.jpg,Lulu,仙灵女巫,55
Lulu/Lulu_6.jpg,Lulu,仙灵女巫,6
Lux/Lux_0.jpg,Lux,光辉女郎,0
Lux/Lux_1.jpg,Lux,光辉女郎,1
Lux/Lux_14.jpg,Lux,光辉女郎,14
Lux/Lux_15.jpg,Lux,光辉女郎,15
Lux/Lux_16.jpg,Lux,光辉女郎,16
Lux/Lux_17.jpg,Lux,光辉女郎,17
Lux/Lux_18.jpg,Lux,光辉女郎,18
Lux/Lux_19.jpg,Lux,光辉女郎,19
Lux/Lux_2.jpg,Lux,光辉女郎,2
Lux/Lux_29.jpg,Lux,光辉女郎,29
Lux/Lux_3.jpg,Lux,光辉女郎,3
Lux/Lux_38.jpg,Lux,光辉女郎,38
Lux/Lux_39.jpg,Lux,光辉女郎,39
Lux/Lux_4.jpg,Lux,光辉女郎,4
Lux/Lux_40.jpg,Lux,光辉女郎,40
Lux/Lux_42.jpg,Lux,光辉女郎,42
Lux/Lux_5.jpg,Lux,光辉女郎,5
Lux/Lux_6.jpg,Lux,光辉女郎,6
Lux/Lux_61.jpg,Lux,光辉女郎,61
Lux/Lux_7.jpg,Lux,光辉女郎,7
Lux/Lux_70.jpg,Lux,光辉女郎,70
Lux/Lux_72.jpg,Lux,光辉女郎,72
Lux/Lux_8.jpg,Lux,光辉女郎,8
Malphite/Malphite_0.jpg,Malphite,熔岩巨兽,0
Malphite/Malphite_1.jpg,Malphite,熔岩巨兽,1
Malphite/Malphite_16.jpg,Malphite,熔岩巨兽,16
Malphite/Malphite_2.jpg,Malphite,熔岩巨兽,2
Malphite/Malphite_23.jpg,Malphite,熔岩巨兽,23
Malphite/Malphite_24.jpg,Malphite,熔岩巨兽,24
Malphite/Malphite_25.jpg,Malphite,熔岩巨兽,25
Malphite/Malphite_27.jpg,Malphite,熔岩巨兽,27
Malphite/Malphite_3.jpg,Malphite,熔岩巨兽,3
Malphite/Malphite_37.jpg,Malphite,熔岩巨兽,37
Malphite/Malphite_4.jpg,Malphite,熔岩巨兽,4
Malphite/Malphite_48.jpg,Malphite,熔岩巨兽,48
Malphite/Malphite_5.jpg,Malphite,熔岩巨兽,5
Malphite/Malphite_6.jpg,Malphite,熔岩巨兽,6
Malphite/Malphite_7.jpg,Malphite,熔岩巨兽,7
Malzahar/Malzahar_0.jpg,Malzahar,虚空先知,0
Malzahar/Malzahar_1.jpg,Malzahar,虚空先知,1
Malzahar/Malzahar_18.jpg,Malzahar,虚空先知,18
Malzahar/Malzahar_2.jpg,Malzahar,虚空先知,2
Malzahar/Malzahar_28.jpg,Malzahar,虚空先知,28
Malzahar/Malzahar_3.jpg,Malzahar,虚空先知,3
Malzahar/Malzahar_38.jpg,Malzahar,虚空先知,38
Malzahar/Malzahar_39.jpg,Malzahar,虚空先知,39
Malzahar/Malzahar_4.jpg,Malzahar,虚空先知,4
Malzahar/Malzahar_49.jpg,Malzahar,虚空先知,49
Malzahar/Malzahar_5.jpg,Malzahar,虚空先知,5
Malzahar/Malzahar_6.jpg,Malzahar,虚空先知,6
Malzahar/Malzahar_7.jpg,Malzahar,虚空先知,7
Malzahar/Malzahar_9.jpg,Malzahar,虚空先知,9
Maokai/Maokai_0.jpg,Maokai,扭曲树精,0
Maokai/Maokai_1.jpg,Maokai,扭曲树精,1
Maokai/Maokai_16.jpg,Maokai,扭曲树精,16
Maokai/Maokai_2.jpg,Maokai,扭曲树精,2
Maokai/Maokai_24.jpg,Maokai,扭曲树精,24
Maokai/Maokai_3.jpg,Maokai,扭曲树精,3
Maokai/Maokai_33.jpg,Maokai,扭曲树精,33
Maokai/Maokai_35.jpg,Maokai,扭曲树精,35
Maokai/Maokai_4.jpg,Maokai,扭曲树精,4
Maokai/Maokai_5.jpg,Maokai,扭曲树精,5
Maokai/Maokai_6.jpg,Maokai,扭曲树精,6
Maokai/Maokai_7.jpg,Maokai,扭曲树精,7
MasterYi/MasterYi_0.jpg,MasterYi,无极剑圣,0
MasterYi/MasterYi_1.jpg,MasterYi,无极剑圣,1
MasterYi/MasterYi_10.jpg,MasterYi,无极剑圣,10
MasterYi/MasterYi_106.jpg,MasterYi,无极剑圣,106
MasterYi/MasterYi_11.jpg,MasterYi,无极剑圣,11
MasterYi/MasterYi_116.jpg,MasterYi,无极剑圣,116
MasterYi/MasterYi_17.jpg,MasterYi,无极剑圣,17
MasterYi/MasterYi_2.jpg,MasterYi,无极剑圣,2
MasterYi/MasterYi_24.jpg,MasterYi,无极剑圣,24
MasterYi/MasterYi_3.jpg,MasterYi,无极剑圣,3
MasterYi/MasterYi_33.jpg,MasterYi,无极剑圣,33
MasterYi/MasterYi_4.jpg,MasterYi,无极剑圣,4
MasterYi/MasterYi_42.jpg,MasterYi,无极剑圣,42
MasterYi/MasterYi_5.jpg,MasterYi,无极剑圣,5
MasterYi/MasterYi_52.jpg,MasterYi,无极剑圣,52
MasterYi/MasterYi_53.jpg,MasterYi,无极剑圣,53
MasterYi/MasterYi_89.jpg,MasterYi,无极剑圣,89
MasterYi/MasterYi_9.jpg,MasterYi,无极剑圣,9
MasterYi/MasterYi_96.jpg,MasterYi,无极剑圣,96
Mel/Mel_0.jpg,Mel,流光镜影,0
Mel/Mel_1.jpg,Mel,流光镜影,1
Mel/Mel_10.jpg,Mel,流光镜影,10
Milio/Milio_0.jpg,Milio,明烛,0
Milio/Milio_1.jpg,Milio,明烛,1
Milio/Milio_11.jpg,Milio,明烛,11
Milio/Milio_20.jpg,Milio,明烛,20
MissFortune/MissFortune_0.jpg,MissFortune,赏金猎人,0
MissFortune/MissFortune_1.jpg,MissFortune,赏金猎人,1
MissFortune/MissFortune_15.jpg,MissFortune,赏金猎人,15
MissFortune/MissFortune_16.jpg,MissFortune,赏金猎人,16
MissFortune/MissFortune_17.jpg,MissFortune,赏金猎人,17
MissFortune/MissFortune_18.jpg,MissFortune,赏金猎人,18
MissFortune/MissFortune_2.jpg,MissFortune,赏金猎人,2
MissFortune/MissFortune_20.jpg,MissFortune,赏金猎人,20
MissFortune/MissFortune_21.jpg,MissFortune,赏金猎人,21
MissFortune/MissFortune_3.jpg,MissFortune,赏金猎人,3
MissFortune/MissFortune_31.jpg,MissFortune,赏金猎人,31
MissFortune/MissFortune_32.jpg,MissFortune,赏金猎人,32
MissFortune/MissFortune_33.jpg,MissFortune,赏金猎人,33
MissFortune/MissFortune_4.jpg,MissFortune,赏金猎人,4
MissFortune/MissFortune_40.jpg,MissFortune,赏金猎人,40
MissFortune/MissFortune_41.jpg,MissFortune,赏金猎人,41
MissFortune/MissFortune_5.jpg,MissFortune,赏金猎人,5
MissFortune/MissFortune_50.jpg,MissFortune,赏金猎人,50
MissFortune/MissFortune_6.jpg,MissFortune,赏金猎人,6
MissFortune/MissFortune_60.jpg,MissFortune,赏金猎人,60
MissFortune/MissFortune_7.jpg,MissFortune,赏金猎人,7
MissFortune/MissFortune_8.jpg,MissFortune,赏金猎人,8
MissFortune/MissFortune_9.jpg,MissFortune,赏金猎人,9
MonkeyKing/MonkeyKing_0.jpg,MonkeyKing,齐天大圣,0
MonkeyKing/MonkeyKing_1.jpg,MonkeyKing,齐天大圣,1
MonkeyKing/MonkeyKing_16.jpg,MonkeyKing,齐天大圣,16
MonkeyKing/MonkeyKing_2.jpg,MonkeyKing,齐天大圣,2
MonkeyKing/MonkeyKing_26.jpg,MonkeyKing,齐天大圣,26
MonkeyKing/MonkeyKing_3.jpg,MonkeyKing,齐天大圣,3
MonkeyKing/MonkeyKing_4.jpg,MonkeyKing,齐天大圣,4
MonkeyKing/MonkeyKing_5.jpg,MonkeyKing,齐天大圣,5
MonkeyKing/MonkeyKing_6.jpg,MonkeyKing,齐天大圣,6
MonkeyKing/MonkeyKing_7.jpg,MonkeyKing,齐天大圣,7
Mordekaiser/Mordekaiser_0.jpg,Mordekaiser,铁铠冥魂,0
Mordekaiser/Mordekaiser_1.jpg,Mordekaiser,铁铠冥魂,1
Mordekaiser/Mordekaiser_13.jpg,Mordekaiser,铁铠冥魂,13
Mordekaiser/Mordekaiser_2.jpg,Mordekaiser,铁铠冥魂,2
Mordekaiser/Mordekaiser_23.jpg,Mordekaiser,铁铠冥魂,23
Mordekaiser/Mordekaiser_3.jpg,Mordekaiser,铁铠冥魂,3
Mordekaiser/Mordekaiser_32.jpg,Mordekaiser,铁铠冥魂,32
Mordekaiser/Mordekaiser_4.jpg,Mordekaiser,铁铠冥魂,4
Mordekaiser/Mordekaiser_42.jpg,Mordekaiser,铁铠冥魂,42
Mordekaiser/Mordekaiser_44.jpg,Mordekaiser,铁铠冥魂,44
Mordekaiser/Mordekaiser_5.jpg,Mordekaiser,铁铠冥魂,5
Mordekaiser/Mordekaiser_54.jpg,Mordekaiser,铁铠冥魂,54
Mordekaiser/Mordekaiser_55.jpg,Mordekaiser,铁铠冥魂,55
Mordekaiser/Mordekaiser_6.jpg,Mordekaiser,铁铠冥魂,6
Morgana/Morgana_0.jpg,Morgana,堕落天使,0
Morgana/Morgana_1.jpg,Morgana,堕落天使,1
Morgana/Morgana_10.jpg,Morgana,堕落天使,10
Morgana/Morgana_11.jpg,Morgana,堕落天使,11
Morgana/Morgana_17.jpg,Morgana,堕落天使,17
Morgana/Morgana_2.jpg,Morgana,堕落天使,2
Morgana/Morgana_26.jpg,Morgana,堕落天使,26
Morgana/Morgana_3.jpg,Morgana,堕落天使,3
Morgana/Morgana_39.jpg,Morgana,堕落天使,39
Morgana/Morgana_4.jpg,Morgana,堕落天使,4
Morgana/Morgana_41.jpg,Morgana,堕落天使,41
Morgana/Morgana_5.jpg,Morgana,堕落天使,5
Morgana/Morgana_50.jpg,Morgana,堕落天使,50
Morgana/Morgana_6.jpg,Morgana,堕落天使,6
Morgana/Morgana_60.jpg,Morgana,堕落天使,60
Morgana/Morgana_70.jpg,Morgana,堕落天使,70
Morgana/Morgana_80.jpg,Morgana,堕落天使,80
Morgana/Morgana_81.jpg,Morgana,堕落天使,81
Naafiri/Naafiri_0.jpg,Naafiri,百裂冥犬,0
Naafiri/Naafiri_1.jpg,Naafiri,百裂冥犬,1
Naafiri/Naafiri_11.jpg,Naafiri,百裂冥犬,11
Naafiri/Naafiri_20.jpg,Naafiri,百裂冥犬,20
Naafiri/Naafiri_29.jpg,Naafiri,百裂冥犬,29
Nami/Nami_0.jpg,Nami,唤潮鲛姬,0
Nami/Nami_1.jpg,Nami,唤潮鲛姬,1
Nami/Nami_15.jpg,Nami,唤潮鲛姬,15
Nami/Nami_2.jpg,Nami,唤潮鲛姬,2
Nami/Nami_24.jpg,Nami,唤潮鲛姬,24
Nami/Nami_3.jpg,Nami,唤潮鲛姬,3
Nami/Nami_32.jpg,Nami,唤潮鲛姬,32
Nami/Nami_41.jpg,Nami,唤潮鲛姬,41
Nami/Nami_42.jpg,Nami,唤潮鲛姬,42
Nami/Nami_51.jpg,Nami,唤潮鲛姬,51
Nami/Nami_58.jpg,Nami,唤潮鲛姬,58
Nami/Nami_68.jpg,Nami,唤潮鲛姬,68
Nami/Nami_7.jpg,Nami,唤潮鲛姬,7
Nami/Nami_8.jpg,Nami,唤潮鲛姬,8
Nami/Nami_9.jpg,Nami,唤潮鲛姬,9
Nasus/Nasus_0.jpg,Nasus,沙漠死神,0
Nasus/Nasus_1.jpg,Nasus,沙漠死神,1
Nasus/Nasus_10.jpg,Nasus,沙漠死神,10
Nasus/Nasus_11.jpg,Nasus,沙漠死神,11
Nasus/Nasus_16.jpg,Nasus,沙漠死神,16
Nasus/Nasus_2.jpg,Nasus,沙漠死神,2
Nasus/Nasus_25.jpg,Nasus,沙漠死神,25
Nasus/Nasus_3.jpg,Nasus,沙漠死神,3
Nasus/Nasus_35.jpg,Nasus,沙漠死神,35
Nasus/Nasus_4.jpg,Nasus,沙漠死神,4
Nasus/Nasus_45.jpg,Nasus,沙漠死神,45
Nasus/Nasus_5.jpg,Nasus,沙漠死神,5
Nasus/Nasus_54.jpg,Nasus,沙漠死神,54
Nasus/Nasus_6.jpg,Nasus,沙漠死神,6
Nautilus/Nautilus_0.jpg,Nautilus,深海泰坦,0
Nautilus/Nautilus_1.jpg,Nautilus,深海泰坦,1
Nautilus/Nautilus_18.jpg,Nautilus,深海泰坦,18
Nautilus/Nautilus_2.jpg,Nautilus,深海泰坦,2
Nautilus/Nautilus_27.jpg,Nautilus,深海泰坦,27
Nautilus/Nautilus_3.jpg,Nautilus,深海泰坦,3
Nautilus/Nautilus_36.jpg,Nautilus,深海泰坦,36
Nautilus/Nautilus_39.jpg,Nautilus,深海泰坦,39
Nautilus/Nautilus_4.jpg,Nautilus,深海泰坦,4
Nautilus/Nautilus_5.jpg,Nautilus,深海泰坦,5
Nautilus/Nautilus_6.jpg,Nautilus,深海泰坦,6
Nautilus/Nautilus_9.jpg,Nautilus,深海泰坦,9
Neeko/Neeko_0.jpg,Neeko,万花通灵,0
Neeko/Neeko_1.jpg,Neeko,万花通灵,1
Neeko/Neeko_10.jpg,Neeko,万花通灵,10
Neeko/Neeko_11.jpg,Neeko,万花通灵,11
Neeko/Neeko_12.jpg,Neeko,万花通灵,12
Neeko/Neeko_21.jpg,Neeko,万花通灵,21
Neeko/Neeko_22.jpg,Neeko,万花通灵,22
Neeko/Neeko_31.jpg,Neeko,万花通灵,31
Neeko/Neeko_40.jpg,Neeko,万花通灵,40
Neeko/Neeko_49.jpg,Neeko,万花通灵,49
Nidalee/Nidalee_0.jpg,Nidalee,狂野女猎手,0
Nidalee/Nidalee_1.jpg,Nidalee,狂野女猎手,1
Nidalee/Nidalee_11.jpg,Nidalee,狂野女猎手,11
Nidalee/Nidalee_18.jpg,Nidalee,狂野女猎手,18
Nidalee/Nidalee_2.jpg,Nidalee,狂野女猎手,2
Nidalee/Nidalee_27.jpg,Nidalee,狂野女猎手,27
Nidalee/Nidalee_29.jpg,Nidalee,狂野女猎手,29
Nidalee/Nidalee_3.jpg,Nidalee,狂野女猎手,3
Nidalee/Nidalee_39.jpg,Nidalee,狂野女猎手,39
Nidalee/Nidalee_4.jpg,Nidalee,狂野女猎手,4
Nidalee/Nidalee_48.jpg,Nidalee,狂野女猎手,48
Nidalee/Nidalee_5.jpg,Nidalee,狂野女猎手,5
Nidalee/Nidalee_58.jpg,Nidalee,狂野女猎手,58
Nidalee/Nidalee_6.jpg,Nidalee,狂野女猎手,6
Nidalee/Nidalee_7.jpg,Nidalee,狂野女猎手,7
Nidalee/Nidalee_8.jpg,Nidalee,狂野女猎手,8
Nidalee/Nidalee_9.jpg,Nidalee,狂野女猎手,9
Nilah/Nilah_0.jpg,Nilah,不羁之悦,0
Nilah/Nilah_1.jpg,Nilah,不羁之悦,1
Nilah/Nilah_11.jpg,Nilah,不羁之悦,11
Nilah/Nilah_21.jpg,Nilah,不羁之悦,21
Nocturne/Nocturne_0.jpg,Nocturne,永恒梦魇,0
Nocturne/Nocturne_1.jpg,Nocturne,永恒梦魇,1
Nocturne/Nocturne_16.jpg,Nocturne,永恒梦魇,16
Nocturne/Nocturne_17.jpg,Nocturne,永恒梦魇,17
Nocturne/Nocturne_2.jpg,Nocturne,永恒梦魇,2
Nocturne/Nocturne_26.jpg,Nocturne,永恒梦魇,26
Nocturne/Nocturne_3.jpg,Nocturne,永恒梦魇,3
Nocturne/Nocturne_4.jpg,Nocturne,永恒梦魇,4
Nocturne/Nocturne_5.jpg,Nocturne,永恒梦魇,5
Nocturne/Nocturne_6.jpg,Nocturne,永恒梦魇,6
Nocturne/Nocturne_7.jpg,Nocturne,永恒梦魇,7
Nunu/Nunu_0.jpg,Nunu,雪原双子,0
Nunu/Nunu_1.jpg,Nunu,雪原双子,1
Nunu/Nunu_16.jpg,Nunu,雪原双子,16
Nunu/Nunu_2.jpg,Nunu,雪原双子,2
Nunu/Nunu_26.jpg,Nunu,雪原双子,26
Nunu/Nunu_3.jpg,Nunu,雪原双子,3
Nunu/Nunu_35.jpg,Nunu,雪原双子,35
Nunu/Nunu_4.jpg,Nunu,雪原双子,4
Nunu/Nunu_44.jpg,Nunu,雪原双子,44
Nunu/Nunu_5.jpg,Nunu,雪原双子,5
Nunu/Nunu_6.jpg,Nunu,雪原双子,6
Nunu/Nunu_7.jpg,Nunu,雪原双子,7
Nunu/Nunu_8.jpg,Nunu,雪原双子,8
Olaf/Olaf_0.jpg,Olaf,狂战士,0
Olaf/Olaf_1.jpg,Olaf,狂战士,1
Olaf/Olaf_15.jpg,Olaf,狂战士,15
Olaf/Olaf_16.jpg,Olaf,狂战士,16
Olaf/Olaf_2.jpg,Olaf,狂战士,2
Olaf/Olaf_25.jpg,Olaf,狂战士,25
Olaf/Olaf_3.jpg,Olaf,狂战士,3
Olaf/Olaf_35.jpg,Olaf,狂战士,35
Olaf/Olaf_4.jpg,Olaf,狂战士,4
Olaf/Olaf_44.jpg,Olaf,狂战士,44
Olaf/Olaf_5.jpg,Olaf,狂战士,5
Olaf/Olaf_6.jpg,Olaf,狂战士,6
Orianna/Orianna_0.jpg,Orianna,发条魔灵,0
Orianna/Orianna_1.jpg,Orianna,发条魔灵,1
Orianna/Orianna_11.jpg,Orianna,发条魔灵,11
Orianna/Orianna_2.jpg,Orianna,发条魔灵,2
Orianna/Orianna_20.jpg,Orianna,发条魔灵,20
Orianna/Orianna_29.jpg,Orianna,发条魔灵,29
Orianna/Orianna_3.jpg,Orianna,发条魔灵,3
Orianna/Orianna_38.jpg,Orianna,发条魔灵,38
Orianna/Orianna_4.jpg,Orianna,发条魔灵,4
Orianna/Orianna_5.jpg,Orianna,发条魔灵,5
Orianna/Orianna_6.jpg,Orianna,发条魔灵,6
Orianna/Orianna_7.jpg,Orianna,发条魔灵,7
Orianna/Orianna_8.jpg,Orianna,发条魔灵,8
Ornn/Ornn_0.jpg,Ornn,山隐之焰,0
Ornn/Ornn_1.jpg,Ornn,山隐之焰,1
Ornn/Ornn_11.jpg,Ornn,山隐之焰,11
Ornn/Ornn_2.jpg,Ornn,山隐之焰,2
Ornn/Ornn_20.jpg,Ornn,山隐之焰,20
Ornn/Ornn_29.jpg,Ornn,山隐之焰,29
Pantheon/Pantheon_0.jpg,Pantheon,不屈之枪,0
Pantheon/Pantheon_1.jpg,Pantheon,不屈之枪,1
Pantheon/Pantheon_16.jpg,Pantheon,不屈之枪,16
Pantheon/Pantheon_2.jpg,Pantheon,不屈之枪,2
Pantheon/Pantheon_25.jpg,Pantheon,不屈之枪,25
Pantheon/Pantheon_26.jpg,Pantheon,不屈之枪,26
Pantheon/Pantheon_3.jpg,Pantheon,不屈之枪,3
Pantheon/Pantheon_36.jpg,Pantheon,不屈之枪,36
Pantheon/Pantheon_38.jpg,Pantheon,不屈之枪,38
Pantheon/Pantheon_4.jpg,Pantheon,不屈之枪,4
Pantheon/Pantheon_5.jpg,Pantheon,不屈之枪,5
Pantheon/Pantheon_6.jpg,Pantheon,不屈之枪,6
Pantheon/Pantheon_7.jpg,Pantheon,不屈之枪,7
Pantheon/Pantheon_8.jpg,Pantheon,不屈之枪,8
Poppy/Poppy_0.jpg,Poppy,圣锤之毅,0
Poppy/Poppy_1.jpg,Poppy,圣锤之毅,1
Poppy/Poppy_14.jpg,Poppy,圣锤之毅,14
Poppy/Poppy_15.jpg,Poppy,圣锤之毅,15
Poppy/Poppy_16.jpg,Poppy,圣锤之毅,16
Poppy/Poppy_2.jpg,Poppy,圣锤之毅,2
Poppy/Poppy_24.jpg,Poppy,圣锤之毅,24
Poppy/Poppy_3.jpg,Poppy,圣锤之毅,3
Poppy/Poppy_33.jpg,Poppy,圣锤之毅,33
Poppy/Poppy_4.jpg,Poppy,圣锤之毅,4
Poppy/Poppy_42.jpg,Poppy,圣锤之毅,42
Poppy/Poppy_5.jpg,Poppy,圣锤之毅,5
Poppy/Poppy_6.jpg,Poppy,圣锤之毅,6
Poppy/Poppy_7.jpg,Poppy,圣锤之毅,7
Pyke/Pyke_0.jpg,Pyke,血港鬼影,0
Pyke/Pyke_1.jpg,Pyke,血港鬼影,1
Pyke/Pyke_16.jpg,Pyke,血港鬼影,16
Pyke/Pyke_25.jpg,Pyke,血港鬼影,25
Pyke/Pyke_34.jpg,Pyke,血港鬼影,34
Pyke/Pyke_44.jpg,Pyke,血港鬼影,44
Pyke/Pyke_45.jpg,Pyke,血港鬼影,45
Pyke/Pyke_53.jpg,Pyke,血港鬼影,53
Pyke/Pyke_54.jpg,Pyke,血港鬼影,54
Pyke/Pyke_64.jpg,Pyke,血港鬼影,64
Pyke/Pyke_74.jpg,Pyke,血港鬼影,74
Pyke/Pyke_75.jpg,Pyke,血港鬼影,75
Pyke/Pyke_9.jpg,Pyke,血港鬼影,9
Qiyana/Qiyana_0.jpg,Qiyana,元素女皇,0
Qiyana/Qiyana_1.jpg,Qiyana,元素女皇,1
Qiyana/Qiyana_10.jpg,Qiyana,元素女皇,10
Qiyana/Qiyana_11.jpg,Qiyana,元素女皇,11
Qiyana/Qiyana_2.jpg,Qiyana,元素女皇,2
Qiyana/Qiyana_20.jpg,Qiyana,元素女皇,20
Qiyana/Qiyana_21.jpg,Qiyana,元素女皇,21
Qiyana/Qiyana_30.jpg,Qiyana,元素女皇,30
Qiyana/Qiyana_40.jpg,Qiyana,元素女皇,40
Qiyana/Qiyana_50.jpg,Qiyana,元素女皇,50
Quinn/Quinn_0.jpg,Quinn,德玛西亚之翼,0
Quinn/Quinn_1.jpg,Quinn,德玛西亚之翼,1
Quinn/Quinn_14.jpg,Quinn,德玛西亚之翼,14
Quinn/Quinn_2.jpg,Quinn,德玛西亚之翼,2
Quinn/Quinn_24.jpg,Quinn,德玛西亚之翼,24
Quinn/Quinn_3.jpg,Quinn,德玛西亚之翼,3
Quinn/Quinn_4.jpg,Quinn,德玛西亚之翼,4
Quinn/Quinn_5.jpg,Quinn,德玛西亚之翼,5
Rakan/Rakan_0.jpg,Rakan,幻翎,0
Rakan/Rakan_1.jpg,Rakan,幻翎,1
Rakan/Rakan_18.jpg,Rakan,幻翎,18
Rakan/Rakan_2.jpg,Rakan,幻翎,2
Rakan/Rakan_27.jpg,Rakan,幻翎,27
Rakan/Rakan_3.jpg,Rakan,幻翎,3
Rakan/Rakan_36.jpg,Rakan,幻翎,36
Rakan/Rakan_37.jpg,Rakan,幻翎,37
Rakan/Rakan_38.jpg,Rakan,幻翎,38
Rakan/Rakan_4.jpg,Rakan,幻翎,4
Rakan/Rakan_47.jpg,Rakan,幻翎,47
Rakan/Rakan_5.jpg,Rakan,幻翎,5
Rakan/Rakan_9.jpg,Rakan,幻翎,9
Rammus/Rammus_0.jpg,Rammus,披甲龙龟,0
Rammus/Rammus_1.jpg,Rammus,披甲龙龟,1
Rammus/Rammus_16.jpg,Rammus,披甲龙龟,16
Rammus/Rammus_17.jpg,Rammus,披甲龙龟,17
Rammus/Rammus_2.jpg,Rammus,披甲龙龟,2
Rammus/Rammus_26.jpg,Rammus,披甲龙龟,26
Rammus/Rammus_3.jpg,Rammus,披甲龙龟,3
Rammus/Rammus_4.jpg,Rammus,披甲龙龟,4
Rammus/Rammus_5.jpg,Rammus,披甲龙龟,5
Rammus/Rammus_6.jpg,Rammus,披甲龙龟,6
Rammus/Rammus_7.jpg,Rammus,披甲龙龟,7
Rammus/Rammus_8.jpg,Rammus,披甲龙龟,8
RekSai/RekSai_0.jpg,RekSai,虚空遁地兽,0
RekSai/RekSai_1.jpg,RekSai,虚空遁地兽,1
RekSai/RekSai_17.jpg,RekSai,虚空遁地兽,17
RekSai/RekSai_2.jpg,RekSai,虚空遁地兽,2
RekSai/RekSai_26.jpg,RekSai,虚空遁地兽,26
RekSai/RekSai_9.jpg,RekSai,虚空遁地兽,9
Rell/Rell_0.jpg,Rell,镕铁少女,0
Rell/Rell_1.jpg,Rell,镕铁少女,1
Rell/Rell_10.jpg,Rell,镕铁少女,10
Rell/Rell_20.jpg,Rell,镕铁少女,20
Rell/Rell_30.jpg,Rell,镕铁少女,30
Renata/Renata_0.jpg,Renata,炼金男爵,0
Renata/Renata_1.jpg,Renata,炼金男爵,1
Renata/Renata_10.jpg,Renata,炼金男爵,10
Renata/Renata_20.jpg,Renata,炼金男爵,20
Renata/Renata_21.jpg,Renata,炼金男爵,21
Renata/Renata_31.jpg,Renata,炼金男爵,31
Renekton/Renekton_0.jpg,Renekton,荒漠屠夫,0
Renekton/Renekton_1.jpg,Renekton,荒漠屠夫,1
Renekton/Renekton_17.jpg,Renekton,荒漠屠夫,17
Renekton/Renekton_18.jpg,Renekton,荒漠屠夫,18
Renekton/Renekton_2.jpg,Renekton,荒漠屠夫,2
Renekton/Renekton_26.jpg,Renekton,荒漠屠夫,26
Renekton/Renekton_3.jpg,Renekton,荒漠屠夫,3
Renekton/Renekton_33.jpg,Renekton,荒漠屠夫,33
Renekton/Renekton_4.jpg,Renekton,荒漠屠夫,4
Renekton/Renekton_42.jpg,Renekton,荒漠屠夫,42
Renekton/Renekton_48.jpg,Renekton,荒漠屠夫,48
Renekton/Renekton_5.jpg,Renekton,荒漠屠夫,5
Renekton/Renekton_6.jpg,Renekton,荒漠屠夫,6
Renekton/Renekton_7.jpg,Renekton,荒漠屠夫,7
Renekton/Renekton_8.jpg,Renekton,荒漠屠夫,8
Renekton/Renekton_9.jpg,Renekton,荒漠屠夫,9
Rengar/Rengar_0.jpg,Rengar,傲之追猎者,0
Rengar/Rengar_1.jpg,Rengar,傲之追猎者,1
Rengar/Rengar_15.jpg,Rengar,傲之追猎者,15
Rengar/Rengar_2.jpg,Rengar,傲之追猎者,2
Rengar/Rengar_23.jpg,Rengar,傲之追猎者,23
Rengar/Rengar_3.jpg,Rengar,傲之追猎者,3
Rengar/Rengar_30.jpg,Rengar,傲之追猎者,30
Rengar/Rengar_40.jpg,Rengar,傲之追猎者,40
Rengar/Rengar_8.jpg,Rengar,傲之追猎者,8
Riven/Riven_0.jpg,Riven,放逐之刃,0
Riven/Riven_1.jpg,Riven,放逐之刃,1
Riven/Riven_16.jpg,Riven,放逐之刃,16
Riven/Riven_18.jpg,Riven,放逐之刃,18
Riven/Riven_2.jpg,Riven,放逐之刃,2
Riven/Riven_20.jpg,Riven,放逐之刃,20
Riven/Riven_22.jpg,Riven,放逐之刃,22
Riven/Riven_23.jpg,Riven,放逐之刃,23
Riven/Riven_3.jpg,Riven,放逐之刃,3
Riven/Riven_34.jpg,Riven,放逐之刃,34
Riven/Riven_4.jpg,Riven,放逐之刃,4
Riven/Riven_44.jpg,Riven,放逐之刃,44
Riven/Riven_45.jpg,Riven,放逐之刃,45
Riven/Riven_5.jpg,Riven,放逐之刃,5
Riven/Riven_55.jpg,Riven,放逐之刃,55
Riven/Riven_6.jpg,Riven,放逐之刃,6
Riven/Riven_63.jpg,Riven,放逐之刃,63
Riven/Riven_7.jpg,Riven,放逐之刃,7
Rumble/Rumble_0.jpg,Rumble,机械公敌,0
Rumble/Rumble_1.jpg,Rumble,机械公敌,1
Rumble/Rumble_13.jpg,Rumble,机械公敌,13
Rumble/Rumble_2.jpg,Rumble,机械公敌,2
Rumble/Rumble_23.jpg,Rumble,机械公敌,23
Rumble/Rumble_3.jpg,Rumble,机械公敌,3
Rumble/Rumble_4.jpg,Rumble,机械公敌,4
Ryze/Ryze_0.jpg,Ryze,符文法师,0
Ryze/Ryze_1.jpg,Ryze,符文法师,1
Ryze/Ryze_10.jpg,Ryze,符文法师,10
Ryze/Ryze_11.jpg,Ryze,符文法师,11
Ryze/Ryze_13.jpg,Ryze,符文法师,13
Ryze/Ryze_2.jpg,Ryze,符文法师,2
Ryze/Ryze_20.jpg,Ryze,符文法师,20
Ryze/Ryze_29.jpg,Ryze,符文法师,29
Ryze/Ryze_3.jpg,Ryze,符文法师,3
Ryze/Ryze_4.jpg,Ryze,符文法师,4
Ryze/Ryze_5.jpg,Ryze,符文法师,5
Ryze/Ryze_6.jpg,Ryze,符文法师,6
Ryze/Ryze_7.jpg,Ryze,符文法师,7
Ryze/Ryze_8.jpg,Ryze,符文法师,8
Ryze/Ryze_9.jpg,Ryze,符文法师,9
Samira/Samira_0.jpg,Samira,沙漠玫瑰,0
Samira/Samira_1.jpg,Samira,沙漠玫瑰,1
Samira/Samira_10.jpg,Samira,沙漠玫瑰,10
Samira/Samira_20.jpg,Samira,沙漠玫瑰,20
Samira/Samira_30.jpg,Samira,沙漠玫瑰,30
Samira/Samira_33.jpg,Samira,沙漠玫瑰,33
Samira/Samira_35.jpg,Samira,沙漠玫瑰,35
Sejuani/Sejuani_0.jpg,Sejuani,北地之怒,0
Sejuani/Sejuani_1.jpg,Sejuani,北地之怒,1
Sejuani/Sejuani_15.jpg,Sejuani,北地之怒,15
Sejuani/Sejuani_16.jpg,Sejuani,北地之怒,16
Sejuani/Sejuani_2.jpg,Sejuani,北地之怒,2
Sejuani/Sejuani_26.jpg,Sejuani,北地之怒,26
Sejuani/Sejuani_3.jpg,Sejuani,北地之怒,3
Sejuani/Sejuani_36.jpg,Sejuani,北地之怒,36
Sejuani/Sejuani_4.jpg,Sejuani,北地之怒,4
Sejuani/Sejuani_48.jpg,Sejuani,北地之怒,48
Sejuani/Sejuani_5.jpg,Sejuani,北地之怒,5
Sejuani/Sejuani_6.jpg,Sejuani,北地之怒,6
Sejuani/Sejuani_7.jpg,Sejuani,北地之怒,7
Sejuani/Sejuani_8.jpg,Sejuani,北地之怒,8
Senna/Senna_0.jpg,Senna,涤魂圣枪,0
Senna/Senna_1.jpg,Senna,涤魂圣枪,1
Senna/Senna_10.jpg,Senna,涤魂圣枪,10
Senna/Senna_16.jpg,Senna,涤魂圣枪,16
Senna/Senna_26.jpg,Senna,涤魂圣枪,26
Senna/Senna_27.jpg,Senna,涤魂圣枪,27
Senna/Senna_36.jpg,Senna,涤魂圣枪,36
Senna/Senna_46.jpg,Senna,涤魂圣枪,46
Senna/Senna_56.jpg,Senna,涤魂圣枪,56
Senna/Senna_63.jpg,Senna,涤魂圣枪,63
Senna/Senna_72.jpg,Senna,涤魂圣枪,72
Senna/Senna_9.jpg,Senna,涤魂圣枪,9
Seraphine/Seraphine_0.jpg,Seraphine,星籁歌姬,0
Seraphine/Seraphine_1.jpg,Seraphine,星籁歌姬,1
Seraphine/Seraphine_14.jpg,Seraphine,星籁歌姬,14
Seraphine/Seraphine_15.jpg,Seraphine,星籁歌姬,15
Seraphine/Seraphine_2.jpg,Seraphine,星籁歌姬,2
Seraphine/Seraphine_24.jpg,Seraphine,星籁歌姬,24
Seraphine/Seraphine_3.jpg,Seraphine,星籁歌姬,3
Seraphine/Seraphine_34.jpg,Seraphine,星籁歌姬,34
Seraphine/Seraphine_4.jpg,Seraphine,星籁歌姬,4
Seraphine/Seraphine_43.jpg,Seraphine,星籁歌姬,43
Seraphine/Seraphine_50.jpg,Seraphine,星籁歌姬,50
Seraphine/Seraphine_59.jpg,Seraphine,星籁歌姬,59
Sett/Sett_0.jpg,Sett,腕豪,0
Sett/Sett_1.jpg,Sett,腕豪,1
Sett/Sett_10.jpg,Sett,腕豪,10
Sett/Sett_19.jpg,Sett,腕豪,19
Sett/Sett_38.jpg,Sett,腕豪,38
Sett/Sett_45.jpg,Sett,腕豪,45
Sett/Sett_56.jpg,Sett,腕豪,56
Sett/Sett_66.jpg,Sett,腕豪,66
Sett/Sett_67.jpg,Sett,腕豪,67
Sett/Sett_8.jpg,Sett,腕豪,8
Sett/Sett_9.jpg,Sett,腕豪,9
Shaco/Shaco_0.jpg,Shaco,恶魔小丑,0
Shaco/Shaco_1.jpg,Shaco,恶魔小丑,1
Shaco/Shaco_15.jpg,Shaco,恶魔小丑,15
Shaco/Shaco_2.jpg,Shaco,恶魔小丑,2
Shaco/Shaco_23.jpg,Shaco,恶魔小丑,23
Shaco/Shaco_3.jpg,Shaco,恶魔小丑,3
Shaco/Shaco_33.jpg,Shaco,恶魔小丑,33
Shaco/Shaco_4.jpg,Shaco,恶魔小丑,4
Shaco/Shaco_43.jpg,Shaco,恶魔小丑,43
Shaco/Shaco_44.jpg,Shaco,恶魔小丑,44
Shaco/Shaco_5.jpg,Shaco,恶魔小丑,5
Shaco/Shaco_54.jpg,Shaco,恶魔小丑,54
Shaco/Shaco_6.jpg,Shaco,恶魔小丑,6
Shaco/Shaco_64.jpg,Shaco,恶魔小丑,64
Shaco/Shaco_7.jpg,Shaco,恶魔小丑,7
Shaco/Shaco_71.jpg,Shaco,恶魔小丑,71
Shaco/Shaco_8.jpg,Shaco,恶魔小丑,8
Shen/Shen_0.jpg,Shen,暮光之眼,0
Shen/Shen_1.jpg,Shen,暮光之眼,1
Shen/Shen_15.jpg,Shen,暮光之眼,15
Shen/Shen_16.jpg,Shen,暮光之眼,16
Shen/Shen_2.jpg,Shen,暮光之眼,2
Shen/Shen_22.jpg,Shen,暮光之眼,22
Shen/Shen_3.jpg,Shen,暮光之眼,3
Shen/Shen_4.jpg,Shen,暮光之眼,4
Shen/Shen_40.jpg,Shen,暮光之眼,40
Shen/Shen_49.jpg,Shen,暮光之眼,49
Shen/Shen_5.jpg,Shen,暮光之眼,5
Shen/Shen_51.jpg,Shen,暮光之眼,51
Shen/Shen_6.jpg,Shen,暮光之眼,6
Shyvana/Shyvana_0.jpg,Shyvana,龙血武姬,0
Shyvana/Shyvana_1.jpg,Shyvana,龙血武姬,1
Shyvana/Shyvana_17.jpg,Shyvana,龙血武姬,17
Shyvana/Shyvana_2.jpg,Shyvana,龙血武姬,2
Shyvana/Shyvana_3.jpg,Shyvana,龙血武姬,3
Shyvana/Shyvana_4.jpg,Shyvana,龙血武姬,4
Shyvana/Shyvana_5.jpg,Shyvana,龙血武姬,5
Shyvana/Shyvana_6.jpg,Shyvana,龙血武姬,6
Shyvana/Shyvana_8.jpg,Shyvana,龙血武姬,8
Singed/Singed_0.jpg,Singed,炼金术士,0
Singed/Singed_1.jpg,Singed,炼金术士,1
Singed/Singed_10.jpg,Singed,炼金术士,10
Singed/Singed_19.jpg,Singed,炼金术士,19
Singed/Singed_2.jpg,Singed,炼金术士,2
Singed/Singed_28.jpg,Singed,炼金术士,28
Singed/Singed_3.jpg,Singed,炼金术士,3
Singed/Singed_4.jpg,Singed,炼金术士,4
Singed/Singed_5.jpg,Singed,炼金术士,5
Singed/Singed_6.jpg,Singed,炼金术士,6
Singed/Singed_7.jpg,Singed,炼金术士,7
Singed/Singed_8.jpg,Singed,炼金术士,8
Singed/Singed_9.jpg,Singed,炼金术士,9
Sion/Sion_0.jpg,Sion,亡灵战神,0
Sion/Sion_1.jpg,Sion,亡灵战神,1
Sion/Sion_14.jpg,Sion,亡灵战神,14
Sion/Sion_2.jpg,Sion,亡灵战神,2
Sion/Sion_22.jpg,Sion,亡灵战神,22
Sion/Sion_3.jpg,Sion,亡灵战神,3
Sion/Sion_30.jpg,Sion,亡灵战神,30
Sion/Sion_4.jpg,Sion,亡灵战神,4
Sion/Sion_40.jpg,Sion,亡灵战神,40
Sion/Sion_49.jpg,Sion,亡灵战神,49
Sion/Sion_5.jpg,Sion,亡灵战神,5
Sion/Sion_50.jpg,Sion,亡灵战神,50
Sivir/Sivir_0.jpg,Sivir,战争女神,0
Sivir/Sivir_1.jpg,Sivir,战争女神,1
Sivir/Sivir_10.jpg,Sivir,战争女神,10
Sivir/Sivir_16.jpg,Sivir,战争女神,16
Sivir/Sivir_2.jpg,Sivir,战争女神,2
Sivir/Sivir_25.jpg,Sivir,战争女神,25
Sivir/Sivir_3.jpg,Sivir,战争女神,3
Sivir/Sivir_34.jpg,Sivir,战争女神,34
Sivir/Sivir_4.jpg,Sivir,战争女神,4
Sivir/Sivir_43.jpg,Sivir,战争女神,43
Sivir/Sivir_5.jpg,Sivir,战争女神,5
Sivir/Sivir_50.jpg,Sivir,战争女神,50
Sivir/Sivir_51.jpg,Sivir,战争女神,51
Sivir/Sivir_6.jpg,Sivir,战争女神,6
Sivir/Sivir_61.jpg,Sivir,战争女神,61
Sivir/Sivir_7.jpg,Sivir,战争女神,7
Sivir/Sivir_70.jpg,Sivir,战争女神,70
Sivir/Sivir_72.jpg,Sivir,战争女神,72
Sivir/Sivir_8.jpg,Sivir,战争女神,8
Sivir/Sivir_9.jpg,Sivir,战争女神,9
Skarner/Skarner_0.jpg,Skarner,上古领主,0
Skarner/Skarner_1.jpg,Skarner,上古领主,1
Skarner/Skarner_14.jpg,Skarner,上古领主,14
Skarner/Skarner_2.jpg,Skarner,上古领主,2
Skarner/Skarner_3.jpg,Skarner,上古领主,3
Skarner/Skarner_4.jpg,Skarner,上古领主,4
Skarner/Skarner_5.jpg,Skarner,上古领主,5
Smolder/Smolder_0.jpg,Smolder,炽炎雏龙,0
Smolder/Smolder_1.jpg,Smolder,炽炎雏龙,1
Smolder/Smolder_11.jpg,Smolder,炽炎雏龙,11
Sona/Sona_0.jpg,Sona,琴瑟仙女,0
Sona/Sona_1.jpg,Sona,琴瑟仙女,1
Sona/Sona_17.jpg,Sona,琴瑟仙女,17
Sona/Sona_2.jpg,Sona,琴瑟仙女,2
Sona/Sona_26.jpg,Sona,琴瑟仙女,26
Sona/Sona_3.jpg,Sona,琴瑟仙女,3
Sona/Sona_35.jpg,Sona,琴瑟仙女,35
Sona/Sona_4.jpg,Sona,琴瑟仙女,4
Sona/Sona_45.jpg,Sona,琴瑟仙女,45
Sona/Sona_46.jpg,Sona,琴瑟仙女,46
Sona/Sona_5.jpg,Sona,琴瑟仙女,5
Sona/Sona_56.jpg,Sona,琴瑟仙女,56
Sona/Sona_6.jpg,Sona,琴瑟仙女,6
Sona/Sona_66.jpg,Sona,琴瑟仙女,66
Sona/Sona_7.jpg,Sona,琴瑟仙女,7
Sona/Sona_75.jpg,Sona,琴瑟仙女,75
Sona/Sona_9.jpg,Sona,琴瑟仙女,9
Soraka/Soraka_0.jpg,Soraka,众星之子,0
Soraka/Soraka_1.jpg,Soraka,众星之子,1
Soraka/Soraka_15.jpg,Soraka,众星之子,15
Soraka/Soraka_16.jpg,Soraka,众星之子,16
Soraka/Soraka_17.jpg,Soraka,众星之子,17
Soraka/Soraka_18.jpg,Soraka,众星之子,18
Soraka/Soraka_2.jpg,Soraka,众星之子,2
Soraka/Soraka_27.jpg,Soraka,众星之子,27
Soraka/Soraka_3.jpg,Soraka,众星之子,3
Soraka/Soraka_37.jpg,Soraka,众星之子,37
Soraka/Soraka_4.jpg,Soraka,众星之子,4
Soraka/Soraka_44.jpg,Soraka,众星之子,44
Soraka/Soraka_5.jpg,Soraka,众星之子,5
Soraka/Soraka_53.jpg,Soraka,众星之子,53
Soraka/Soraka_6.jpg,Soraka,众星之子,6
Soraka/Soraka_7.jpg,Soraka,众星之子,7
Soraka/Soraka_8.jpg,Soraka,众星之子,8
Soraka/Soraka_9.jpg,Soraka,众星之子,9
Swain/Swain_0.jpg,Swain,诺克萨斯统领,0
Swain/Swain_1.jpg,Swain,诺克萨斯统领,1
Swain/Swain_11.jpg,Swain,诺克萨斯统领,11
Swain/Swain_12.jpg,Swain,诺克萨斯统领,12
Swain/Swain_2.jpg,Swain,诺克萨斯统领,2
Swain/Swain_21.jpg,Swain,诺克萨斯统领,21
Swain/Swain_3.jpg,Swain,诺克萨斯统领,3
Swain/Swain_32.jpg,Swain,诺克萨斯统领,32
Swain/Swain_33.jpg,Swain,诺克萨斯统领,33
Swain/Swain_4.jpg,Swain,诺克萨斯统领,4
Swain/Swain_42.jpg,Swain,诺克萨斯统领,42
Sylas/Sylas_0.jpg,Sylas,解脱者,0
Sylas/Sylas_1.jpg,Sylas,解脱者,1
Sylas/Sylas_13.jpg,Sylas,解脱者,13
Sylas/Sylas_14.jpg,Sylas,解脱者,14
Sylas/Sylas_24.jpg,Sylas,解脱者,24
Sylas/Sylas_34.jpg,Sylas,解脱者,34
Sylas/Sylas_36.jpg,Sylas,解脱者,36
Sylas/Sylas_46.jpg,Sylas,解脱者,46
Sylas/Sylas_53.jpg,Sylas,解脱者,53
Sylas/Sylas_8.jpg,Sylas,解脱者,8
Syndra/Syndra_0.jpg,Syndra,暗黑元首,0
Syndra/Syndra_1.jpg,Syndra,暗黑元首,1
Syndra/Syndra_16.jpg,Syndra,暗黑元首,16
Syndra/Syndra_2.jpg,Syndra,暗黑元首,2
Syndra/Syndra_25.jpg,Syndra,暗黑元首,25
Syndra/Syndra_3.jpg,Syndra,暗黑元首,3
Syndra/Syndra_34.jpg,Syndra,暗黑元首,34
Syndra/Syndra_4.jpg,Syndra,暗黑元首,4
Syndra/Syndra_44.jpg,Syndra,暗黑元首,44
Syndra/Syndra_5.jpg,Syndra,暗黑元首,5
Syndra/Syndra_54.jpg,Syndra,暗黑元首,54
Syndra/Syndra_6.jpg,Syndra,暗黑元首,6
Syndra/Syndra_65.jpg,Syndra,暗黑元首,65
Syndra/Syndra_7.jpg,Syndra,暗黑元首,7
TahmKench/TahmKench_0.jpg,TahmKench,河流之王,0
TahmKench/TahmKench_1.jpg,TahmKench,河流之王,1
TahmKench/TahmKench_11.jpg,TahmKench,河流之王,11
TahmKench/TahmKench_2.jpg,TahmKench,河流之王,2
TahmKench/TahmKench_20.jpg,TahmKench,河流之王,20
TahmKench/TahmKench_3.jpg,TahmKench,河流之王,3
TahmKench/TahmKench_30.jpg,TahmKench,河流之王,30
TahmKench/TahmKench_39.jpg,TahmKench,河流之王,39
Taliyah/Taliyah_0.jpg,Taliyah,岩雀,0
Taliyah/Taliyah_1.jpg,Taliyah,岩雀,1
Taliyah/Taliyah_11.jpg,Taliyah,岩雀,11
Taliyah/Taliyah_2.jpg,Taliyah,岩雀,2
Taliyah/Taliyah_21.jpg,Taliyah,岩雀,21
Taliyah/Taliyah_24.jpg,Taliyah,岩雀,24
Taliyah/Taliyah_3.jpg,Taliyah,岩雀,3
Talon/Talon_0.jpg,Talon,刀锋之影,0
Talon/Talon_1.jpg,Talon,刀锋之影,1
Talon/Talon_12.jpg,Talon,刀锋之影,12
Talon/Talon_2.jpg,Talon,刀锋之影,2
Talon/Talon_20.jpg,Talon,刀锋之影,20
Talon/Talon_29.jpg,Talon,刀锋之影,29
Talon/Talon_3.jpg,Talon,刀锋之影,3
Talon/Talon_38.jpg,Talon,刀锋之影,38
Talon/Talon_39.jpg,Talon,刀锋之影,39
Talon/Talon_4.jpg,Talon,刀锋之影,4
Talon/Talon_49.jpg,Talon,刀锋之影,49
Talon/Talon_5.jpg,Talon,刀锋之影,5
Talon/Talon_59.jpg,Talon,刀锋之影,59
Taric/Taric_0.jpg,Taric,瓦洛兰之盾,0
Taric/Taric_1.jpg,Taric,瓦洛兰之盾,1
Taric/Taric_18.jpg,Taric,瓦洛兰之盾,18
Taric/Taric_2.jpg,Taric,瓦洛兰之盾,2
Taric/Taric_27.jpg,Taric,瓦洛兰之盾,27
Taric/Taric_3.jpg,Taric,瓦洛兰之盾,3
Taric/Taric_4.jpg,Taric,瓦洛兰之盾,4
Taric/Taric_9.jpg,Taric,瓦洛兰之盾,9
Teemo/Teemo_0.jpg,Teemo,迅捷斥候,0
Teemo/Teemo_1.jpg,Teemo,迅捷斥候,1
Teemo/Teemo_14.jpg,Teemo,迅捷斥候,14
Teemo/Teemo_18.jpg,Teemo,迅捷斥候,18
Teemo/Teemo_2.jpg,Teemo,迅捷斥候,2
Teemo/Teemo_25.jpg,Teemo,迅捷斥候,25
Teemo/Teemo_27.jpg,Teemo,迅捷斥候,27
Teemo/Teemo_3.jpg,Teemo,迅捷斥候,3
Teemo/Teemo_37.jpg,Teemo,迅捷斥候,37
Teemo/Teemo_4.jpg,Teemo,迅捷斥候,4
Teemo/Teemo_47.jpg,Teemo,迅捷斥候,47
Teemo/Teemo_5.jpg,Teemo,迅捷斥候,5
Teemo/Teemo_54.jpg,Teemo,迅捷斥候,54
Teemo/Teemo_6.jpg,Teemo,迅捷斥候,6
Teemo/Teemo_7.jpg,Teemo,迅捷斥候,7
Teemo/Teemo_8.jpg,Teemo,迅捷斥候,8
Thresh/Thresh_0.jpg,Thresh,魂锁典狱长,0
Thresh/Thresh_1.jpg,Thresh,魂锁典狱长,1
Thresh/Thresh_13.jpg,Thresh,魂锁典狱长,13
Thresh/Thresh_14.jpg,Thresh,魂锁典狱长,14
Thresh/Thresh_15.jpg,Thresh,魂锁典狱长,15
Thresh/Thresh_17.jpg,Thresh,魂锁典狱长,17
Thresh/Thresh_2.jpg,Thresh,魂锁典狱长,2
Thresh/Thresh_27.jpg,Thresh,魂锁典狱长,27
Thresh/Thresh_28.jpg,Thresh,魂锁典狱长,28
Thresh/Thresh_3.jpg,Thresh,魂锁典狱长,3
Thresh/Thresh_38.jpg,Thresh,魂锁典狱长,38
Thresh/Thresh_39.jpg,Thresh,魂锁典狱长,39
Thresh/Thresh_4.jpg,Thresh,魂锁典狱长,4
Thresh/Thresh_49.jpg,Thresh,魂锁典狱长,49
Thresh/Thresh_5.jpg,Thresh,魂锁典狱长,5
Thresh/Thresh_59.jpg,Thresh,魂锁典狱长,59
Thresh/Thresh_6.jpg,Thresh,魂锁典狱长,6
Tristana/Tristana_0.jpg,Tristana,麦林炮手,0
Tristana/Tristana_1.jpg,Tristana,麦林炮手,1
Tristana/Tristana_10.jpg,Tristana,麦林炮手,10
Tristana/Tristana_11.jpg,Tristana,麦林炮手,11
Tristana/Tristana_12.jpg,Tristana,麦林炮手,12
Tristana/Tristana_2.jpg,Tristana,麦林炮手,2
Tristana/Tristana_24.jpg,Tristana,麦林炮手,24
Tristana/Tristana_3.jpg,Tristana,麦林炮手,3
Tristana/Tristana_33.jpg,Tristana,麦林炮手,33
Tristana/Tristana_4.jpg,Tristana,麦林炮手,4
Tristana/Tristana_40.jpg,Tristana,麦林炮手,40
Tristana/Tristana_41.jpg,Tristana,麦林炮手,41
Tristana/Tristana_5.jpg,Tristana,麦林炮手,5
Tristana/Tristana_51.jpg,Tristana,麦林炮手,51
Tristana/Tristana_6.jpg,Tristana,麦林炮手,6
Tristana/Tristana_61.jpg,Tristana,麦林炮手,61
Tristana/Tristana_70.jpg,Tristana,麦林炮手,70
Trundle/Trundle_0.jpg,Trundle,巨魔之王,0
Trundle/Trundle_1.jpg,Trundle,巨魔之王,1
Trundle/Trundle_12.jpg,Trundle,巨魔之王,12
Trundle/Trundle_2.jpg,Trundle,巨魔之王,2
Trundle/Trundle_21.jpg,Trundle,巨魔之王,21
Trundle/Trundle_3.jpg,Trundle,巨魔之王,3
Trundle/Trundle_4.jpg,Trundle,巨魔之王,4
Trundle/Trundle_5.jpg,Trundle,巨魔之王,5
Trundle/Trundle_6.jpg,Trundle,巨魔之王,6
Tryndamere/Tryndamere_0.jpg,Tryndamere,蛮族之王,0
Tryndamere/Tryndamere_1.jpg,Tryndamere,蛮族之王,1
Tryndamere/Tryndamere_10.jpg,Tryndamere,蛮族之王,10
Tryndamere/Tryndamere_18.jpg,Tryndamere,蛮族之王,18
Tryndamere/Tryndamere_2.jpg,Tryndamere,蛮族之王,2
Tryndamere/Tryndamere_27.jpg,Tryndamere,蛮族之王,27
Tryndamere/Tryndamere_3.jpg,Tryndamere,蛮族之王,3
Tryndamere/Tryndamere_37.jpg,Tryndamere,蛮族之王,37
Tryndamere/Tryndamere_4.jpg,Tryndamere,蛮族之王,4
Tryndamere/Tryndamere_5.jpg,Tryndamere,蛮族之王,5
Tryndamere/Tryndamere_6.jpg,Tryndamere,蛮族之王,6
Tryndamere/Tryndamere_7.jpg,Tryndamere,蛮族之王,7
Tryndamere/Tryndamere_8.jpg,Tryndamere,蛮族之王,8
Tryndamere/Tryndamere_9.jpg,Tryndamere,蛮族之王,9
TwistedFate/TwistedFate_0.jpg,TwistedFate,卡牌大师,0
TwistedFate/TwistedFate_1.jpg,TwistedFate,卡牌大师,1
TwistedFate/TwistedFate_10.jpg,TwistedFate,卡牌大师,10
TwistedFate/TwistedFate_11.jpg,TwistedFate,卡牌大师,11
TwistedFate/TwistedFate_13.jpg,TwistedFate,卡牌大师,13
TwistedFate/TwistedFate_2.jpg,TwistedFate,卡牌大师,2
TwistedFate/TwistedFate_23.jpg,TwistedFate,卡牌大师,23
TwistedFate/TwistedFate_25.jpg,TwistedFate,卡牌大师,25
TwistedFate/TwistedFate_3.jpg,TwistedFate,卡牌大师,3
TwistedFate/TwistedFate_36.jpg,TwistedFate,卡牌大师,36
TwistedFate/TwistedFate_4.jpg,TwistedFate,卡牌大师,4
TwistedFate/TwistedFate_45.jpg,TwistedFate,卡牌大师,45
TwistedFate/TwistedFate_5.jpg,TwistedFate,卡牌大师,5
TwistedFate/TwistedFate_6.jpg,TwistedFate,卡牌大师,6
TwistedFate/TwistedFate_7.jpg,TwistedFate,卡牌大师,7
TwistedFate/TwistedFate_8.jpg,TwistedFate,卡牌大师,8
TwistedFate/TwistedFate_9.jpg,TwistedFate,卡牌大师,9
Twitch/Twitch_0.jpg,Twitch,瘟疫之源,0
Twitch/Twitch_1.jpg,Twitch,瘟疫之源,1
Twitch/Twitch_12.jpg,Twitch,瘟疫之源,12
Twitch/Twitch_2.jpg,Twitch,瘟疫之源,2
Twitch/Twitch_27.jpg,Twitch,瘟疫之源,27
Twitch/Twitch_3.jpg,Twitch,瘟疫之源,3
Twitch/Twitch_36.jpg,Twitch,瘟疫之源,36
Twitch/Twitch_4.jpg,Twitch,瘟疫之源,4
Twitch/Twitch_45.jpg,Twitch,瘟疫之源,45
Twitch/Twitch_5.jpg,Twitch,瘟疫之源,5
Twitch/Twitch_55.jpg,Twitch,瘟疫之源,55
Twitch/Twitch_6.jpg,Twitch,瘟疫之源,6
Twitch/Twitch_64.jpg,Twitch,瘟疫之源,64
Twitch/Twitch_7.jpg,Twitch,瘟疫之源,7
Twitch/Twitch_8.jpg,Twitch,瘟疫之源,8
Udyr/Udyr_0.jpg,Udyr,兽灵行者,0
Udyr/Udyr_1.jpg,Udyr,兽灵行者,1
Udyr/Udyr_2.jpg,Udyr,兽灵行者,2
Udyr/Udyr_3.jpg,Udyr,兽灵行者,3
Udyr/Udyr_4.jpg,Udyr,兽灵行者,4
Udyr/Udyr_5.jpg,Udyr,兽灵行者,5
Udyr/Udyr_6.jpg,Udyr,兽灵行者,6
Urgot/Urgot_0.jpg,Urgot,无畏战车,0
Urgot/Urgot_1.jpg,Urgot,无畏战车,1
Urgot/Urgot_15.jpg,Urgot,无畏战车,15
Urgot/Urgot_2.jpg,Urgot,无畏战车,2
Urgot/Urgot_23.jpg,Urgot,无畏战车,23
Urgot/Urgot_3.jpg,Urgot,无畏战车,3
Urgot/Urgot_32.jpg,Urgot,无畏战车,32
Urgot/Urgot_9.jpg,Urgot,无畏战车,9
Varus/Varus_0.jpg,Varus,惩戒之箭,0
Varus/Varus_1.jpg,Varus,惩戒之箭,1
Varus/Varus_16.jpg,Varus,惩戒之箭,16
Varus/Varus_17.jpg,Varus,惩戒之箭,17
Varus/Varus_2.jpg,Varus,惩戒之箭,2
Varus/Varus_3.jpg,Varus,惩戒之箭,3
Varus/Varus_34.jpg,Varus,惩戒之箭,34
Varus/Varus_4.jpg,Varus,惩戒之箭,4
Varus/Varus_44.jpg,Varus,惩戒之箭,44
Varus/Varus_5.jpg,Varus,惩戒之箭,5
Varus/Varus_53.jpg,Varus,惩戒之箭,53
Varus/Varus_6.jpg,Varus,惩戒之箭,6
Varus/Varus_60.jpg,Varus,惩戒之箭,60
Varus/Varus_69.jpg,Varus,惩戒之箭,69
Varus/Varus_7.jpg,Varus,惩戒之箭,7
Varus/Varus_9.jpg,Varus,惩戒之箭,9
Vayne/Vayne_0.jpg,Vayne,暗夜猎手,0
Vayne/Vayne_1.jpg,Vayne,暗夜猎手,1
Vayne/Vayne_10.jpg,Vayne,暗夜猎手,10
Vayne/Vayne_11.jpg,Vayne,暗夜猎手,11
Vayne/Vayne_12.jpg,Vayne,暗夜猎手,12
Vayne/Vayne_13.jpg,Vayne,暗夜猎手,13
Vayne/Vayne_14.jpg,Vayne,暗夜猎手,14
Vayne/Vayne_15.jpg,Vayne,暗夜猎手,15
Vayne/Vayne_2.jpg,Vayne,暗夜猎手,2
Vayne/Vayne_25.jpg,Vayne,暗夜猎手,25
Vayne/Vayne_3.jpg,Vayne,暗夜猎手,3
Vayne/Vayne_32.jpg,Vayne,暗夜猎手,32
Vayne/Vayne_33.jpg,Vayne,暗夜猎手,33
Vayne/Vayne_4.jpg,Vayne,暗夜猎手,4
Vayne/Vayne_44.jpg,Vayne,暗夜猎手,44
Vayne/Vayne_5.jpg,Vayne,暗夜猎手,5
Vayne/Vayne_55.jpg,Vayne,暗夜猎手,55
Vayne/Vayne_6.jpg,Vayne,暗夜猎手,6
Vayne/Vayne_64.jpg,Vayne,暗夜猎手,64
Vayne/Vayne_67.jpg,Vayne,暗夜猎手,67
Veigar/Veigar_0.jpg,Veigar,邪恶小法师,0
Veigar/Veigar_1.jpg,Veigar,邪恶小法师,1
Veigar/Veigar_13.jpg,Veigar,邪恶小法师,13
Veigar/Veigar_2.jpg,Veigar,邪恶小法师,2
Veigar/Veigar_23.jpg,Veigar,邪恶小法师,23
Veigar/Veigar_3.jpg,Veigar,邪恶小法师,3
Veigar/Veigar_32.jpg,Veigar,邪恶小法师,32
Veigar/Veigar_4.jpg,Veigar,邪恶小法师,4
Veigar/Veigar_41.jpg,Veigar,邪恶小法师,41
Veigar/Veigar_5.jpg,Veigar,邪恶小法师,5
Veigar/Veigar_51.jpg,Veigar,邪恶小法师,51
Veigar/Veigar_6.jpg,Veigar,邪恶小法师,6
Veigar/Veigar_60.jpg,Veigar,邪恶小法师,60
Veigar/Veigar_7.jpg,Veigar,邪恶小法师,7
Veigar/Veigar_8.jpg,Veigar,邪恶小法师,8
Veigar/Veigar_9.jpg,Veigar,邪恶小法师,9
Velkoz/Velkoz_0.jpg,Velkoz,虚空之眼,0
Velkoz/Velkoz_1.jpg,Velkoz,虚空之眼,1
Velkoz/Velkoz_11.jpg,Velkoz,虚空之眼,11
Velkoz/Velkoz_2.jpg,Velkoz,虚空之眼,2
Velkoz/Velkoz_20.jpg,Velkoz,虚空之眼,20
Velkoz/Velkoz_29.jpg,Velkoz,虚空之眼,29
Velkoz/Velkoz_3.jpg,Velkoz,虚空之眼,3
Velkoz/Velkoz_4.jpg,Velkoz,虚空之眼,4
Vex/Vex_0.jpg,Vex,愁云使者,0
Vex/Vex_1.jpg,Vex,愁云使者,1
Vex/Vex_10.jpg,Vex,愁云使者,10
Vex/Vex_20.jpg,Vex,愁云使者,20
Vex/Vex_29.jpg,Vex,愁云使者,29
Vi/Vi_0.jpg,Vi,皮城执法官,0
Vi/Vi_1.jpg,Vi,皮城执法官,1
Vi/Vi_11.jpg,Vi,皮城执法官,11
Vi/Vi_12.jpg,Vi,皮城执法官,12
Vi/Vi_2.jpg,Vi,皮城执法官,2
Vi/Vi_20.jpg,Vi,皮城执法官,20
Vi/Vi_29.jpg,Vi,皮城执法官,29
Vi/Vi_3.jpg,Vi,皮城执法官,3
Vi/Vi_30.jpg,Vi,皮城执法官,30
Vi/Vi_39.jpg,Vi,皮城执法官,39
Vi/Vi_4.jpg,Vi,皮城执法官,4
Vi/Vi_48.jpg,Vi,皮城执法官,48
Vi/Vi_49.jpg,Vi,皮城执法官,49
Vi/Vi_5.jpg,Vi,皮城执法官,5
Viego/Viego_0.jpg,Viego,破败之王,0
Viego/Viego_1.jpg,Viego,破败之王,1
Viego/Viego_10.jpg,Viego,破败之王,10
Viego/Viego_19.jpg,Viego,破败之王,19
Viego/Viego_21.jpg,Viego,破败之王,21
Viego/Viego_30.jpg,Viego,破败之王,30
Viego/Viego_37.jpg,Viego,破败之王,37
Viego/Viego_43.jpg,Viego,破败之王,43
Viktor/Viktor_0.jpg,Viktor,奥术先驱,0
Viktor/Viktor_1.jpg,Viktor,奥术先驱,1
Viktor/Viktor_14.jpg,Viktor,奥术先驱,14
Viktor/Viktor_2.jpg,Viktor,奥术先驱,2
Viktor/Viktor_24.jpg,Viktor,奥术先驱,24
Viktor/Viktor_25.jpg,Viktor,奥术先驱,25
Viktor/Viktor_3.jpg,Viktor,奥术先驱,3
Viktor/Viktor_4.jpg,Viktor,奥术先驱,4
Viktor/Viktor_5.jpg,Viktor,奥术先驱,5
Vladimir/Vladimir_0.jpg,Vladimir,猩红收割者,0
Vladimir/Vladimir_1.jpg,Vladimir,猩红收割者,1
Vladimir/Vladimir_14.jpg,Vladimir,猩红收割者,14
Vladimir/Vladimir_2.jpg,Vladimir,猩红收割者,2
Vladimir/Vladimir_21.jpg,Vladimir,猩红收割者,21
Vladimir/Vladimir_3.jpg,Vladimir,猩红收割者,3
Vladimir/Vladimir_30.jpg,Vladimir,猩红收割者,30
Vladimir/Vladimir_39.jpg,Vladimir,猩红收割者,39
Vladimir/Vladimir_4.jpg,Vladimir,猩红收割者,4
Vladimir/Vladimir_48.jpg,Vladimir,猩红收割者,48
Vladimir/Vladimir_49.jpg,Vladimir,猩红收割者,49
Vladimir/Vladimir_5.jpg,Vladimir,猩红收割者,5
Vladimir/Vladimir_6.jpg,Vladimir,猩红收割者,6
Vladimir/Vladimir_7.jpg,Vladimir,猩红收割者,7
Vladimir/Vladimir_8.jpg,Vladimir,猩红收割者,8
Volibear/Volibear_0.jpg,Volibear,不灭狂雷,0
Volibear/Volibear_1.jpg,Volibear,不灭狂雷,1
Volibear/Volibear_19.jpg,Volibear,不灭狂雷,19
Volibear/Volibear_2.jpg,Volibear,不灭狂雷,2
Volibear/Volibear_29.jpg,Volibear,不灭狂雷,29
Volibear/Volibear_3.jpg,Volibear,不灭狂雷,3
Volibear/Volibear_4.jpg,Volibear,不灭狂雷,4
Volibear/Volibear_5.jpg,Volibear,不灭狂雷,5
Volibear/Volibear_6.jpg,Volibear,不灭狂雷,6
Volibear/Volibear_7.jpg,Volibear,不灭狂雷,7
Volibear/Volibear_9.jpg,Volibear,不灭狂雷,9
Warwick/Warwick_0.jpg,Warwick,祖安怒兽,0
Warwick/Warwick_1.jpg,Warwick,祖安怒兽,1
Warwick/Warwick_10.jpg,Warwick,祖安怒兽,10
Warwick/Warwick_16.jpg,Warwick,祖安怒兽,16
Warwick/Warwick_2.jpg,Warwick,祖安怒兽,2
Warwick/Warwick_3.jpg,Warwick,祖安怒兽,3
Warwick/Warwick_35.jpg,Warwick,祖安怒兽,35
Warwick/Warwick_4.jpg,Warwick,祖安怒兽,4
Warwick/Warwick_45.jpg,Warwick,祖安怒兽,45
Warwick/Warwick_46.jpg,Warwick,祖安怒兽,46
Warwick/Warwick_5.jpg,Warwick,祖安怒兽,5
Warwick/Warwick_56.jpg,Warwick,祖安怒兽,56
Warwick/Warwick_58.jpg,Warwick,祖安怒兽,58
Warwick/Warwick_6.jpg,Warwick,祖安怒兽,6
Warwick/Warwick_7.jpg,Warwick,祖安怒兽,7
Warwick/Warwick_8.jpg,Warwick,祖安怒兽,8
Warwick/Warwick_9.jpg,Warwick,祖安怒兽,9
Xayah/Xayah_0.jpg,Xayah,逆羽,0
Xayah/Xayah_1.jpg,Xayah,逆羽,1
Xayah/Xayah_17.jpg,Xayah,逆羽,17
Xayah/Xayah_2.jpg,Xayah,逆羽,2
Xayah/Xayah_26.jpg,Xayah,逆羽,26
Xayah/Xayah_28.jpg,Xayah,逆羽,28
Xayah/Xayah_3.jpg,Xayah,逆羽,3
Xayah/Xayah_37.jpg,Xayah,逆羽,37
Xayah/Xayah_38.jpg,Xayah,逆羽,38
Xayah/Xayah_4.jpg,Xayah,逆羽,4
Xayah/Xayah_47.jpg,Xayah,逆羽,47
Xayah/Xayah_57.jpg,Xayah,逆羽,57
Xayah/Xayah_8.jpg,Xayah,逆羽,8
Xerath/Xerath_0.jpg,Xerath,远古巫灵,0
Xerath/Xerath_1.jpg,Xerath,远古巫灵,1
Xerath/Xerath_12.jpg,Xerath,远古巫灵,12
Xerath/Xerath_2.jpg,Xerath,远古巫灵,2
Xerath/Xerath_21.jpg,Xerath,远古巫灵,21
Xerath/Xerath_3.jpg,Xerath,远古巫灵,3
Xerath/Xerath_30.jpg,Xerath,远古巫灵,30
Xerath/Xerath_32.jpg,Xerath,远古巫灵,32
Xerath/Xerath_4.jpg,Xerath,远古巫灵,4
Xerath/Xerath_5.jpg,Xerath,远古巫灵,5
XinZhao/XinZhao_0.jpg,XinZhao,德邦总管,0
XinZhao/XinZhao_1.jpg,XinZhao,德邦总管,1
XinZhao/XinZhao_13.jpg,XinZhao,德邦总管,13
XinZhao/XinZhao_2.jpg,XinZhao,德邦总管,2
XinZhao/XinZhao_20.jpg,XinZhao,德邦总管,20
XinZhao/XinZhao_27.jpg,XinZhao,德邦总管,27
XinZhao/XinZhao_3.jpg,XinZhao,德邦总管,3
XinZhao/XinZhao_36.jpg,XinZhao,德邦总管,36
XinZhao/XinZhao_4.jpg,XinZhao,德邦总管,4
XinZhao/XinZhao_47.jpg,XinZhao,德邦总管,47
XinZhao/XinZhao_5.jpg,XinZhao,德邦总管,5
XinZhao/XinZhao_6.jpg,XinZhao,德邦总管,6
Yasuo/Yasuo_0.jpg,Yasuo,疾风剑豪,0
Yasuo/Yasuo_1.jpg,Yasuo,疾风剑豪,1
Yasuo/Yasuo_10.jpg,Yasuo,疾风剑豪,10
Yasuo/Yasuo_17.jpg,Yasuo,疾风剑豪,17
Yasuo/Yasuo_18.jpg,Yasuo,疾风剑豪,18
Yasuo/Yasuo_2.jpg,Yasuo,疾风剑豪,2
Yasuo/Yasuo_3.jpg,Yasuo,疾风剑豪,3
Yasuo/Yasuo_35.jpg,Yasuo,疾风剑豪,35
Yasuo/Yasuo_36.jpg,Yasuo,疾风剑豪,36
Yasuo/Yasuo_45.jpg,Yasuo,疾风剑豪,45
Yasuo/Yasuo_54.jpg,Yasuo,疾风剑豪,54
Yasuo/Yasuo_55.jpg,Yasuo,疾风剑豪,55
Yasuo/Yasuo_56.jpg,Yasuo,疾风剑豪,56
Yasuo/Yasuo_57.jpg,Yasuo,疾风剑豪,57
Yasuo/Yasuo_68.jpg,Yasuo,疾风剑豪,68
Yasuo/Yasuo_77.jpg,Yasuo,疾风剑豪,77
Yasuo/Yasuo_87.jpg,Yasuo,疾风剑豪,87
Yasuo/Yasuo_88.jpg,Yasuo,疾风剑豪,88
Yasuo/Yasuo_9.jpg,Yasuo,疾风剑豪,9
Yone/Yone_0.jpg,Yone,封魔剑魂,0
Yone/Yone_1.jpg,Yone,封魔剑魂,1
Yone/Yone_10.jpg,Yone,封魔剑魂,10
Yone/Yone_19.jpg,Yone,封魔剑魂,19
Yone/Yone_26.jpg,Yone,封魔剑魂,26
Yone/Yone_35.jpg,Yone,封魔剑魂,35
Yone/Yone_45.jpg,Yone,封魔剑魂,45
Yone/Yone_46.jpg,Yone,封魔剑魂,46
Yone/Yone_55.jpg,Yone,封魔剑魂,55
Yone/Yone_58.jpg,Yone,封魔剑魂,58
Yone/Yone_65.jpg,Yone,封魔剑魂,65
Yone/Yone_74.jpg,Yone,封魔剑魂,74
Yorick/Yorick_0.jpg,Yorick,牧魂人,0
Yorick/Yorick_1.jpg,Yorick,牧魂人,1
Yorick/Yorick_12.jpg,Yorick,牧魂人,12
Yorick/Yorick_2.jpg,Yorick,牧魂人,2
Yorick/Yorick_21.jpg,Yorick,牧魂人,21
Yorick/Yorick_3.jpg,Yorick,牧魂人,3
Yorick/Yorick_30.jpg,Yorick,牧魂人,30
Yorick/Yorick_4.jpg,Yorick,牧魂人,4
Yorick/Yorick_40.jpg,Yorick,牧魂人,40
Yorick/Yorick_50.jpg,Yorick,牧魂人,50
Yunara/Yunara_0.jpg,Yunara,不破之誓,0
Yunara/Yunara_1.jpg,Yunara,不破之誓,1
Yuumi/Yuumi_0.jpg,Yuumi,魔法猫咪,0
Yuumi/Yuumi_1.jpg,Yuumi,魔法猫咪,1
Yuumi/Yuumi_11.jpg,Yuumi,魔法猫咪,11
Yuumi/Yuumi_19.jpg,Yuumi,魔法猫咪,19
Yuumi/Yuumi_28.jpg,Yuumi,魔法猫咪,28
Yuumi/Yuumi_37.jpg,Yuumi,魔法猫咪,37
Yuumi/Yuumi_39.jpg,Yuumi,魔法猫咪,39
Yuumi/Yuumi_49.jpg,Yuumi,魔法猫咪,49
Yuumi/Yuumi_50.jpg,Yuumi,魔法猫咪,50
Yuumi/Yuumi_61.jpg,Yuumi,魔法猫咪,61
Yuumi/Yuumi_70.jpg,Yuumi,魔法猫咪,70
Zaahen/Zaahen_0.jpg,Zaahen,不落魔锋,0
Zaahen/Zaahen_1.jpg,Zaahen,不落魔锋,1
Zac/Zac_0.jpg,Zac,生化魔人,0
Zac/Zac_1.jpg,Zac,生化魔人,1
Zac/Zac_14.jpg,Zac,生化魔人,14
Zac/Zac_2.jpg,Zac,生化魔人,2
Zac/Zac_24.jpg,Zac,生化魔人,24
Zac/Zac_33.jpg,Zac,生化魔人,33
Zac/Zac_6.jpg,Zac,生化魔人,6
Zac/Zac_7.jpg,Zac,生化魔人,7
Zed/Zed_0.jpg,Zed,影流之主,0
Zed/Zed_1.jpg,Zed,影流之主,1
Zed/Zed_10.jpg,Zed,影流之主,10
Zed/Zed_11.jpg,Zed,影流之主,11
Zed/Zed_13.jpg,Zed,影流之主,13
Zed/Zed_15.jpg,Zed,影流之主,15
Zed/Zed_2.jpg,Zed,影流之主,2
Zed/Zed_3.jpg,Zed,影流之主,3
Zed/Zed_30.jpg,Zed,影流之主,30
Zed/Zed_31.jpg,Zed,影流之主,31
Zed/Zed_38.jpg,Zed,影流之主,38
Zed/Zed_49.jpg,Zed,影流之主,49
Zed/Zed_58.jpg,Zed,影流之主,58
Zed/Zed_68.jpg,Zed,影流之主,68
Zed/Zed_69.jpg,Zed,影流之主,69
Zeri/Zeri_0.jpg,Zeri,祖安花火,0
Zeri/Zeri_1.jpg,Zeri,祖安花火,1
Zeri/Zeri_10.jpg,Zeri,祖安花火,10
Zeri/Zeri_19.jpg,Zeri,祖安花火,19
Zeri/Zeri_28.jpg,Zeri,祖安花火,28
Zeri/Zeri_29.jpg,Zeri,祖安花火,29
Zeri/Zeri_40.jpg,Zeri,祖安花火,40
Ziggs/Ziggs_0.jpg,Ziggs,爆破鬼才,0
Ziggs/Ziggs_1.jpg,Ziggs,爆破鬼才,1
Ziggs/Ziggs_14.jpg,Ziggs,爆破鬼才,14
Ziggs/Ziggs_2.jpg,Ziggs,爆破鬼才,2
Ziggs/Ziggs_23.jpg,Ziggs,爆破鬼才,23
Ziggs/Ziggs_24.jpg,Ziggs,爆破鬼才,24
Ziggs/Ziggs_3.jpg,Ziggs,爆破鬼才,3
Ziggs/Ziggs_33.jpg,Ziggs,爆破鬼才,33
Ziggs/Ziggs_4.jpg,Ziggs,爆破鬼才,4
Ziggs/Ziggs_43.jpg,Ziggs,爆破鬼才,43
Ziggs/Ziggs_5.jpg,Ziggs,爆破鬼才,5
Ziggs/Ziggs_6.jpg,Ziggs,爆破鬼才,6
Ziggs/Ziggs_7.jpg,Ziggs,爆破鬼才,7
Zilean/Zilean_0.jpg,Zilean,时光守护者,0
Zilean/Zilean_1.jpg,Zilean,时光守护者,1
Zilean/Zilean_14.jpg,Zilean,时光守护者,14
Zilean/Zilean_2.jpg,Zilean,时光守护者,2
Zilean/Zilean_24.jpg,Zilean,时光守护者,24
Zilean/Zilean_3.jpg,Zilean,时光守护者,3
Zilean/Zilean_4.jpg,Zilean,时光守护者,4
Zilean/Zilean_5.jpg,Zilean,时光守护者,5
Zilean/Zilean_6.jpg,Zilean,时光守护者,6
Zoe/Zoe_0.jpg,Zoe,暮光星灵,0
Zoe/Zoe_1.jpg,Zoe,暮光星灵,1
Zoe/Zoe_18.jpg,Zoe,暮光星灵,18
Zoe/Zoe_19.jpg,Zoe,暮光星灵,19
Zoe/Zoe_2.jpg,Zoe,暮光星灵,2
Zoe/Zoe_20.jpg,Zoe,暮光星灵,20
Zoe/Zoe_22.jpg,Zoe,暮光星灵,22
Zoe/Zoe_33.jpg,Zoe,暮光星灵,33
Zoe/Zoe_43.jpg,Zoe,暮光星灵,43
Zoe/Zoe_9.jpg,Zoe,暮光星灵,9
Zyra/Zyra_0.jpg,Zyra,荆棘之兴,0
Zyra/Zyra_1.jpg,Zyra,荆棘之兴,1
Zyra/Zyra_16.jpg,Zyra,荆棘之兴,16
Zyra/Zyra_2.jpg,Zyra,荆棘之兴,2
Zyra/Zyra_3.jpg,Zyra,荆棘之兴,3
Zyra/Zyra_36.jpg,Zyra,荆棘之兴,36
Zyra/Zyra_4.jpg,Zyra,荆棘之兴,4
Zyra/Zyra_46.jpg,Zyra,荆棘之兴,46
Zyra/Zyra_5.jpg,Zyra,荆棘之兴,5
Zyra/Zyra_55.jpg,Zyra,荆棘之兴,55
Zyra/Zyra_6.jpg,Zyra,荆棘之兴,6
Zyra/Zyra_64.jpg,Zyra,荆棘之兴,64
Zyra/Zyra_7.jpg,Zyra,荆棘之兴,7
