bv_id,title,duration,upload_date,n_parts,url
BV12eVq6QEbA,[录播] 过往（国一狼狗中单） 2026-06-02 12点场 青训峡谷千分狼狗中单，峡谷国标第一狼狗 p01 过往（国一狼狗中单）2026-06-02T12_01_58,3600,20260602,1,https://www.bilibili.com/video/BV12eVq6QEbA
BV1hgVQ6eEzh,[录播] 过往（国一狼狗中单） 2026-05-31 21点场 青训峡谷千分狼狗中单，峡谷国标第一狼狗 p01 过往（国一狼狗中单）2026-05-31T21_02_41,3600,20260531,1,https://www.bilibili.com/video/BV1hgVQ6eEzh
BV1L1VJ6nE7n,[录播] 过往（国一狼狗中单） 2026-05-31 13点场 青训峡谷千分狼狗中单，峡谷国标第一狼狗 p01 过往（国一狼狗中单）2026-05-31T13_02_31,3600,20260531,1,https://www.bilibili.com/video/BV1L1VJ6nE7n
BV1HsVL6EEGc,[录播] 过往（国一狼狗中单） 2026-05-30 21点场 青训峡谷千分狼狗中单，峡谷国标第一狼狗 p01 过往（国一狼狗中单）2026-05-30T21_14_13,3600,20260530,1,https://www.bilibili.com/video/BV1HsVL6EEGc
BV1SJVg6jEck,[录播] 过往（国一狼狗中单） 2026-05-30 11点场 青训峡谷千分狼狗中单，峡谷国标第一狼狗 p01 过往（国一狼狗中单）2026-05-30T11_01_50,3600,20260530,1,https://www.bilibili.com/video/BV1SJVg6jEck
BV1SfVh6gEA4,[录播] 过往（国一狼狗中单） 2026-05-29 21点场 青训峡谷千分狼狗中单，峡谷国标第一狼狗 p01 过往（国一狼狗中单）2026-05-29T21_02_22,3600,20260529,1,https://www.bilibili.com/video/BV1SfVh6gEA4
BV1chVb6QELL,[录播] 过往（国一狼狗中单） 2026-05-29 10点场 青训峡谷千分狼狗中单，峡谷国标第一狼狗 p01 过往（国一狼狗中单）2026-05-29T10_59_30,3600,20260529,1,https://www.bilibili.com/video/BV1chVb6QELL
BV11DVp6CEAT,[录播] 过往（国一狼狗中单） 2026-05-28 21点场 青训峡谷千分狼狗中单，峡谷国标第一狼狗 p01 过往（国一狼狗中单）2026-05-28T21_18_46,3600,20260528,1,https://www.bilibili.com/video/BV11DVp6CEAT
BV1Z8GX61Ekw,[录播] 过往（国一狼狗中单） 2026-05-28 14点场 青训峡谷千分狼狗中单，峡谷国标第一狼狗 p01 过往（国一狼狗中单）2026-05-28T14_22_56,3600,20260528,1,https://www.bilibili.com/video/BV1Z8GX61Ekw
BV19aGU6ZEtW,[录播] 过往（国一狼狗中单） 2026-05-27 21点场 青训峡谷千分狼狗中单，峡谷国标第一狼狗 p01 过往（国一狼狗中单）2026-05-27T21_12_04,3600,20260527,1,https://www.bilibili.com/video/BV19aGU6ZEtW
